kode_kabkot,id_komoditas,min,max
01,1,0,0
01,10,5000,20000
01,100,15000,70000
01,101,3000,50000
01,102,0,0
01,103,25000,40000
01,104,13000,30000
01,105,12000,60000
01,106,5000,12000
01,107,15000,20000
01,108,0,0
01,109,4000,10000
01,11,5000,25000
01,110,0,0
01,111,5000,30000
01,112,5000,25000
01,113,15000,75000
01,114,5000,15000
01,115,5000,15000
01,116,10000,70000
01,117,5000,25000
01,118,5000,30000
01,119,3000,15000
01,12,2000,20000
01,120,5000,15000
01,121,4000,15000
01,122,10000,25000
01,123,10000,35000
01,124,10000,25000
01,125,5000,35000
01,126,0,0
01,127,12000,40000
01,128,15000,26000
01,129,1000,5000
01,13,6000,25000
01,130,5000,6000
01,131,0,0
01,132,1000,2500
01,133,1200,15000
01,134,1000,3000
01,135,35,5000
01,136,1000,15000
01,137,1000,3000
01,138,2500,3000
01,139,0,0
01,14,15000,20000
01,140,8,700
01,141,25,1700
01,142,35,1000
01,143,30,1000
01,144,25,1000
01,145,20,1000
01,146,33,2000
01,147,83,1000
01,148,6000,9000
01,149,15,700
01,15,5000,15000
01,150,4000,10000
01,151,2500,8500
01,152,63,6000
01,153,10,300
01,154,0,0
01,155,2000,13000
01,156,2000,9000
01,157,6000,25000
01,158,3500,5000
01,159,0,0
01,16,0,0
01,160,1000,5000
01,161,1000,10000
01,162,800,17000
01,163,1000,5000
01,164,1000,3000
01,165,1000,10000
01,166,1000,15000
01,167,7000,20000
01,168,5000,50000
01,169,5000,20000
01,17,10000,75000
01,170,3000,10000
01,171,2000,20000
01,172,5000,50000
01,173,3000,25000
01,174,10000,20000
01,175,7000,50000
01,176,3000,80000
01,177,500,25000
01,178,2500,50000
01,179,5000,20000
01,18,10000,50000
01,180,800,5000
01,181,5000,20000
01,182,5000,20000
01,183,5000,15000
01,184,2000,10000
01,185,4000,35000
01,186,500,10000
01,187,2500,15000
01,188,3000,25000
01,189,1000,30000
01,19,25000,70000
01,190,2000,40000
01,191,2000,40000
01,192,0,0
01,193,1000,5000
01,194,1000,25000
01,195,1000,10000
01,196,1500,35000
01,197,6500,40000
01,2,11000,17000
01,20,10000,50000
01,201,100000,2500000
01,202,150000,2000000
01,206,352,105000
01,208,2000,5000
01,21,10000,45000
01,216,10000,15000
01,218,6000,16000
01,22,10000,50000
01,222,30000,100000
01,225,6000,9300
01,227,0,0
01,229,10000,30000
01,23,10000,40000
01,24,5000,90000
01,25,10000,60000
01,26,20000,60000
01,27,25000,60000
01,28,30000,65000
01,29,20000,45000
01,3,13000,35000
01,30,15000,30000
01,31,30000,75000
01,32,30000,70000
01,33,20000,40000
01,34,20000,40000
01,35,15000,35000
01,36,10000,40000
01,37,30000,150000
01,38,10000,150000
01,39,25000,120000
01,4,3000,20000
01,40,35000,60000
01,41,15000,100000
01,42,2000,20000
01,43,5000,25000
01,44,1500,30000
01,45,1500,15000
01,46,2000,35000
01,47,0,0
01,48,5000,10000
01,49,5000,20000
01,5,4000,18000
01,50,1000,40000
01,51,5000,15000
01,52,6000,25000
01,53,5000,7000
01,54,0,0
01,55,0,0
01,56,100000,150000
01,57,80000,120000
01,58,30000,104000
01,59,25000,80000
01,6,8000,18000
01,60,5000,120000
01,61,35000,70000
01,62,0,0
01,63,15000,80000
01,64,5000,80000
01,65,0,0
01,66,1500,3500
01,67,2000,5000
01,68,1500,5000
01,69,300,6000
01,7,3000,3500
01,70,2000,10000
01,71,1300,23000
01,72,15000,3500000
01,73,10000,250000
01,74,10000,20000
01,75,0,0
01,76,5000,20000
01,77,2000,15000
01,78,3000,12000
01,79,3000,15000
01,8,0,0
01,80,3000,12000
01,81,4000,41000
01,82,4000,20000
01,83,5000,25000
01,84,6000,35000
01,85,5000,25000
01,86,4000,30000
01,87,2000,15000
01,88,5000,25000
01,89,3000,25000
01,9,5000,20000
01,90,2000,20000
01,91,5000,15000
01,92,5000,30000
01,93,4000,15000
01,94,15000,25000
01,95,2000,6000
01,96,2500,50000
01,97,2000,10000
01,98,15000,50000
01,99,10000,45000
02,1,0,0
02,10,3000,22000
02,100,10000,180000
02,101,2000,100000
02,102,0,0
02,103,15000,45000
02,104,15000,35000
02,105,3750,60000
02,106,3000,30000
02,107,3000,20000
02,108,5000,7500
02,109,10000,15000
02,11,3000,17000
02,110,0,0
02,111,10000,80000
02,112,5000,50000
02,113,5000,60000
02,114,5000,50000
02,115,3500,30000
02,116,2500,150000
02,117,4000,30000
02,118,3000,40000
02,119,1000,30000
02,12,3000,20000
02,120,3000,50000
02,121,5000,35000
02,122,2000,40000
02,123,5000,40000
02,124,5000,35000
02,125,5000,50000
02,126,0,0
02,127,14000,45000
02,128,10000,30000
02,129,2000,10000
02,13,7000,35000
02,130,4000,50000
02,131,0,0
02,132,1000,2500
02,133,1400,10000
02,134,1000,15000
02,135,150,3000
02,136,1150,40000
02,137,1000,22000
02,138,1000,55000
02,139,0,0
02,14,8000,35000
02,140,3,100
02,141,7,500
02,142,7,200
02,143,7,1500
02,144,7,500
02,145,7,500
02,146,7,500
02,147,7,500
02,148,1000,10000
02,149,5,800
02,15,3000,20000
02,150,1000,12000
02,151,1500,12000
02,152,5,10000
02,153,5,5000
02,154,0,0
02,155,2000,33000
02,156,1800,16000
02,157,7000,50000
02,158,8000,150000
02,159,0,0
02,16,0,0
02,160,500,10000
02,161,1000,50000
02,162,500,50000
02,163,1000,50000
02,164,1000,25000
02,165,1000,25000
02,166,5000,50000
02,167,5000,25000
02,168,10000,50000
02,169,8000,40000
02,17,15000,60000
02,170,3000,15000
02,171,2000,30000
02,172,2000,50000
02,173,5000,30000
02,174,3000,50000
02,175,10000,50000
02,176,3000,20000
02,177,100,50000
02,178,3000,50000
02,179,5000,30000
02,18,15000,60000
02,180,1000,30000
02,181,8000,20000
02,182,5000,30000
02,183,200,50000
02,184,1000,12000
02,185,3000,30000
02,186,500,15000
02,187,1000,20000
02,188,2500,40000
02,189,2000,30000
02,19,15000,70000
02,190,1000,30000
02,191,5000,150000
02,192,0,0
02,193,500,5000
02,194,500,5000
02,195,750,5000
02,196,3000,50000
02,197,3000,200000
02,2,8000,50000
02,20,15000,70000
02,201,100000,2500000
02,202,100000,2500000
02,206,400,5000
02,208,180,50000
02,21,15000,80000
02,216,10000,20000
02,218,6500,18000
02,22,8000,70000
02,222,4000,250000
02,225,5000,30000
02,227,0,0
02,229,7000,30000
02,23,10000,60000
02,24,10000,60000
02,25,15000,50000
02,26,2000,100000
02,27,20000,50000
02,28,15000,75000
02,29,15000,60000
02,3,11000,30000
02,30,15000,100000
02,31,15000,70000
02,32,15000,70000
02,33,15000,60000
02,34,15000,60000
02,35,20000,60000
02,36,10000,200000
02,37,30000,120000
02,38,20000,100000
02,39,20000,100000
02,4,3000,70000
02,40,10000,50000
02,41,20000,50000
02,42,8000,30000
02,43,5000,20000
02,44,2000,65000
02,45,2000,20000
02,46,2000,20000
02,47,2000,10000
02,48,6000,8500
02,49,2000,20000
02,5,3000,15000
02,50,5000,80000
02,51,5000,20000
02,52,7000,10000
02,53,6000,20000
02,54,5000,50000
02,55,0,0
02,56,75000,200000
02,57,65000,120000
02,58,25000,140000
02,59,20000,60000
02,6,7000,20000
02,60,30000,150000
02,61,20000,150000
02,62,13000,150000
02,63,12000,60000
02,64,10000,100000
02,65,0,0
02,66,1500,4000
02,67,2000,7000
02,68,1750,7000
02,69,300,200000
02,7,5000,60000
02,70,2000,12000
02,71,2000,20000
02,72,35000,700000
02,73,50000,600000
02,74,2000,150000
02,75,0,0
02,76,2000,20000
02,77,2500,20000
02,78,3000,30000
02,79,3000,20000
02,8,0,0
02,80,3000,30000
02,81,5000,50000
02,82,5000,22500
02,83,3000,40000
02,84,3000,30000
02,85,3000,20000
02,86,2000,20000
02,87,5000,17000
02,88,2500,30000
02,89,3000,35000
02,9,3000,20000
02,90,3000,50000
02,91,3000,50000
02,92,3000,50000
02,93,3000,30000
02,94,20000,50000
02,95,1500,6000
02,96,1500,7500
02,97,2000,15000
02,98,10000,80000
02,99,10000,140000
03,1,0,0
03,10,10000,30000
03,100,20000,120000
03,101,5000,50000
03,102,0,0
03,103,20000,50000
03,104,30000,40000
03,105,25000,60000
03,106,5000,45000
03,107,5000,35000
03,108,22500,27000
03,109,0,0
03,11,5000,20000
03,110,0,0
03,111,7500,70900
03,112,5000,70900
03,113,10000,100000
03,114,10000,94900
03,115,10000,100000
03,116,10000,175000
03,117,10000,175000
03,118,6000,40000
03,119,5000,40000
03,12,10000,30000
03,120,5000,35000
03,121,10000,50000
03,122,5000,50000
03,123,10000,50000
03,124,10000,40000
03,125,10000,25000
03,126,0,0
03,127,12500,45000
03,128,5000,40000
03,129,1000,6000
03,13,10000,32000
03,130,100,15000
03,131,0,0
03,132,100,3000
03,133,1500,5000
03,134,1500,10000
03,135,200,10000
03,136,500,160000
03,137,1000,7500
03,138,110,5000
03,139,0,0
03,14,8000,10000
03,140,12,400
03,141,12,70
03,142,15,100
03,143,10,4000
03,144,20,6000
03,145,15,5000
03,146,20,1000
03,147,5,1000
03,148,125,12000
03,149,50,8000
03,15,10000,20000
03,150,52,15000
03,151,3500,50000
03,152,5,45000
03,153,150,10000
03,154,0,0
03,155,500,22000
03,156,500,30000
03,157,2500,37500
03,158,9900,37500
03,159,0,0
03,16,0,0
03,160,1000,24000
03,161,1000,10000
03,162,500,10000
03,163,500,5000
03,164,1000,5000
03,165,1000,5000
03,166,2000,12000
03,167,5000,20000
03,168,5000,30000
03,169,10000,30000
03,17,10000,100000
03,170,5000,20000
03,171,2000,30000
03,172,10000,30000
03,173,5000,20000
03,174,2000,50000
03,175,7500,30000
03,176,5000,75000
03,177,1000,16000
03,178,4000,20000
03,179,5000,30000
03,18,10000,100000
03,180,1000,15000
03,181,5000,22000
03,182,10000,20000
03,183,5000,20000
03,184,1000,12000
03,185,5000,45000
03,186,3000,12000
03,187,4000,15000
03,188,3000,30000
03,189,3000,30000
03,19,10000,100000
03,190,2000,15000
03,191,20000,60000
03,192,0,0
03,193,500,5000
03,194,500,5000
03,195,1000,3000
03,196,500,40000
03,197,10000,40000
03,2,11000,20000
03,20,10000,150000
03,201,100000,2500000
03,202,100000,2500000
03,206,300,7000
03,208,4500,10000
03,21,10000,60000
03,216,10000,15000
03,218,6000,13000
03,22,10000,60000
03,222,35000,85000
03,225,27300,300000
03,227,0,0
03,229,3000,50000
03,23,10000,65000
03,24,15000,50000
03,25,25000,30000
03,26,35000,40000
03,27,20000,65000
03,28,25000,60000
03,29,15000,80000
03,3,7500,30000
03,30,70000,75000
03,31,20000,100000
03,32,25000,100000
03,33,20000,50000
03,34,40000,60000
03,35,85000,100000
03,36,20000,100000
03,37,10000,150000
03,38,10000,150000
03,39,20000,150000
03,4,10000,25000
03,40,20000,75000
03,41,20000,60000
03,42,2000,75000
03,43,2500,5000
03,44,2000,60000
03,45,4000,70000
03,46,3000,70000
03,47,0,0
03,48,0,0
03,49,15000,16000
03,5,7000,15000
03,50,7000,40000
03,51,0,0
03,52,0,0
03,53,0,0
03,54,140000,145000
03,55,0,0
03,56,75000,150000
03,57,115000,145000
03,58,40000,130000
03,59,27000,120000
03,6,9000,20000
03,60,30000,100000
03,61,70000,75000
03,62,0,0
03,63,0,0
03,64,25000,50000
03,65,0,0
03,66,1500,4500
03,67,2000,8000
03,68,500,5000
03,69,500,2000
03,7,4500,18750
03,70,1000,9700
03,71,2500,24500
03,72,11000,400000
03,73,50000,450000
03,74,4000,216900
03,75,0,0
03,76,5000,40000
03,77,5000,25000
03,78,5000,40000
03,79,5000,35000
03,8,0,0
03,80,5000,40000
03,81,5000,30000
03,82,5000,30000
03,83,6000,40000
03,84,10000,35000
03,85,10000,30000
03,86,5000,20000
03,87,3000,50000
03,88,2000,50000
03,89,4000,125000
03,9,10000,30000
03,90,4000,75000
03,91,5000,40000
03,92,5000,30000
03,93,5000,25000
03,94,35000,150000
03,95,2800,6000
03,96,2000,6000
03,97,3000,10000
03,98,4000,80000
03,99,40000,45000
04,1,0,0
04,10,10000,20000
04,100,35000,80000
04,101,10000,30000
04,102,0,0
04,103,25000,35000
04,104,25000,35000
04,105,25000,35000
04,106,10000,20000
04,107,10000,20000
04,108,1000,2000
04,109,500,2000
04,11,10000,20000
04,110,0,0
04,111,10000,30000
04,112,10000,30000
04,113,50000,70000
04,114,10000,25000
04,115,10000,30000
04,116,50000,80000
04,117,10000,30000
04,118,10000,20000
04,119,10000,20000
04,12,10000,30000
04,120,5000,15000
04,121,8000,12000
04,122,10000,36000
04,123,15000,25000
04,124,10000,20000
04,125,8000,20000
04,126,0,0
04,127,20000,25000
04,128,20000,30000
04,129,1500,5000
04,13,20000,35000
04,130,20000,100000
04,131,0,0
04,132,1800,2500
04,133,2000,4000
04,134,1000,2000
04,135,400,600
04,136,5000,10000
04,137,1500,4000
04,138,2000,5000
04,139,0,0
04,14,10000,20000
04,140,16,30
04,141,125,400
04,142,100,300
04,143,200,500
04,144,25,100
04,145,25,100
04,146,25,50
04,147,200,400
04,148,6000,10000
04,149,100,300
04,15,5000,30000
04,150,6000,10000
04,151,3000,10000
04,152,100,500
04,153,100,500
04,154,0,0
04,155,3000,5000
04,156,1000,3000
04,157,8000,20000
04,158,5000,20000
04,159,0,0
04,16,0,0
04,160,1000,2000
04,161,1500,5000
04,162,1000,10000
04,163,1500,5000
04,164,500,3000
04,165,500,3000
04,166,5000,15000
04,167,15000,25000
04,168,15000,45000
04,169,15000,25000
04,17,25000,40000
04,170,5000,7000
04,171,5000,7500
04,172,15000,25000
04,173,10000,20000
04,174,15000,25000
04,175,15000,30000
04,176,10000,15000
04,177,1000,10000
04,178,5000,30000
04,179,20000,35000
04,18,25000,35000
04,180,25000,35000
04,181,5000,15000
04,182,10000,20000
04,183,10000,20000
04,184,5000,15000
04,185,5000,40000
04,186,5000,12000
04,187,5000,12000
04,188,5000,10000
04,189,5000,30000
04,19,25000,35000
04,190,2000,10000
04,191,40000,100000
04,192,0,0
04,193,1000,3000
04,194,1000,3000
04,195,1000,3000
04,196,5000,10000
04,197,5000,20000
04,2,11000,18000
04,20,25000,35000
04,201,150000,6000000
04,202,400000,1500000
04,206,415,1700
04,208,3000,6000
04,21,25000,35000
04,216,10000,20000
04,218,10000,15000
04,22,25000,35000
04,222,45000,80000
04,225,15000,36000
04,227,0,0
04,229,5500,7000
04,23,25000,35000
04,24,20000,35000
04,25,35000,55000
04,26,20000,25000
04,27,35000,55000
04,28,40000,60000
04,29,35000,55000
04,3,20000,30000
04,30,20000,25000
04,31,45000,85000
04,32,45000,85000
04,33,20000,25000
04,34,20000,25000
04,35,20000,25000
04,36,25000,120000
04,37,80000,120000
04,38,20000,50000
04,39,20000,50000
04,4,10000,20000
04,40,20000,50000
04,41,30000,50000
04,42,2500,3000
04,43,2500,3000
04,44,3000,4000
04,45,6000,8500
04,46,3000,3500
04,47,2500,3000
04,48,2500,3000
04,49,2500,3500
04,5,10000,20000
04,50,6000,10000
04,51,2500,3000
04,52,7000,7500
04,53,5000,6000
04,54,5000,6000
04,55,0,0
04,56,120000,130000
04,57,100000,105000
04,58,95000,135000
04,59,40000,55000
04,6,10000,25000
04,60,75000,100000
04,61,50000,80000
04,62,50000,55000
04,63,50000,55000
04,64,50000,90000
04,65,0,0
04,66,1500,3500
04,67,5000,8000
04,68,3000,5000
04,69,1000,3000
04,7,5000,30000
04,70,4000,7500
04,71,13000,18000
04,72,80000,300000
04,73,80000,500000
04,74,80000,100000
04,75,0,0
04,76,10000,20000
04,77,10000,20000
04,78,10000,20000
04,79,10000,20000
04,8,0,0
04,80,10000,20000
04,81,10000,20000
04,82,10000,20000
04,83,10000,25000
04,84,20000,30000
04,85,10000,20000
04,86,10000,20000
04,87,10000,20000
04,88,10000,20000
04,89,7500,15000
04,9,10000,20000
04,90,4000,5000
04,91,4000,5000
04,92,8000,12000
04,93,8000,12000
04,94,10000,20000
04,95,4500,6000
04,96,4500,6000
04,97,4000,6000
04,98,50000,60000
04,99,50000,60000
05,1,0,0
05,10,5000,15000
05,100,15000,100000
05,101,2000,50000
05,102,0,0
05,103,10000,50000
05,104,25000,40000
05,105,15000,50000
05,106,10000,25000
05,107,10000,25000
05,108,1000,2500
05,109,1000,3000
05,11,6000,16000
05,110,0,0
05,111,5000,60000
05,112,5000,25000
05,113,15000,60000
05,114,5000,25000
05,115,5000,25000
05,116,5000,75000
05,117,5000,30000
05,118,3000,20000
05,119,5000,20000
05,12,5000,15000
05,120,3000,25000
05,121,4000,20000
05,122,5000,20000
05,123,5000,30000
05,124,8000,30000
05,125,5000,100000
05,126,0,0
05,127,12000,40000
05,128,12000,35000
05,129,1000,10000
05,13,6000,30000
05,130,3000,50000
05,131,0,0
05,132,1200,20000
05,133,1400,5000
05,134,2000,10000
05,135,100,5000
05,136,2000,25000
05,137,100,10000
05,138,1000,20000
05,139,0,0
05,14,8000,40000
05,140,8,200
05,141,10,1000
05,142,10,100
05,143,25,600
05,144,20,1500
05,145,20,1500
05,146,20,100
05,147,100,1000
05,148,500,10000
05,149,40,1000
05,15,3000,50000
05,150,2000,15000
05,151,2000,15000
05,152,25,1000
05,153,20,1000
05,154,0,0
05,155,2000,20000
05,156,1000,10000
05,157,5000,24000
05,158,5000,50000
05,159,0,0
05,16,0,0
05,160,600,5000
05,161,1000,20000
05,162,1000,20000
05,163,1000,20000
05,164,1000,20000
05,165,1000,25000
05,166,3000,25000
05,167,8000,30000
05,168,8000,50000
05,169,1000,50000
05,17,20000,50000
05,170,3000,15000
05,171,2500,20000
05,172,10000,35000
05,173,5000,20000
05,174,5000,30000
05,175,7000,30000
05,176,5000,20000
05,177,2000,15000
05,178,2500,50000
05,179,4000,35000
05,18,20000,60000
05,180,1000,35000
05,181,5000,15000
05,182,5000,30000
05,183,5000,100000
05,184,3000,24000
05,185,3000,30000
05,186,1000,60000
05,187,1000,30000
05,188,2000,30000
05,189,2000,25000
05,19,20000,60000
05,190,1000,30000
05,191,20000,100000
05,192,0,0
05,193,500,5000
05,194,500,5000
05,195,500,5000
05,196,600,700000
05,197,1000,50000
05,2,12000,25000
05,20,20000,40000
05,201,200000,2500000
05,202,200000,2000000
05,206,415,2000
05,208,500,40000
05,21,20000,50000
05,216,10000,16000
05,218,6800,14000
05,22,20000,50000
05,222,30000,200000
05,225,6000,25000
05,227,100,100000
05,229,10000,25000
05,23,20000,50000
05,24,15000,85000
05,25,25000,50000
05,26,25000,50000
05,27,20000,50000
05,28,25000,80000
05,29,20000,50000
05,3,12500,25000
05,30,20000,60000
05,31,30000,150000
05,32,30000,80000
05,33,30000,80000
05,34,30000,80000
05,35,30000,80000
05,36,20000,120000
05,37,25000,70000
05,38,20000,70000
05,39,30000,130000
05,4,5000,16000
05,40,30000,80000
05,41,28000,80000
05,42,3000,5000
05,43,3000,5000
05,44,2000,10000
05,45,2000,15000
05,46,2000,10000
05,47,3000,10000
05,48,3000,10000
05,49,3000,10000
05,5,4000,16000
05,50,4000,15000
05,51,3000,50000
05,52,3000,10000
05,53,3000,10000
05,54,3000,10000
05,55,0,0
05,56,100000,190000
05,57,90000,130000
05,58,38000,125000
05,59,25000,100000
05,6,8000,20000
05,60,30000,120000
05,61,10000,170000
05,62,20000,170000
05,63,20000,50000
05,64,15000,50000
05,65,0,0
05,66,1200,5000
05,67,2000,7000
05,68,2000,8000
05,69,300,6000
05,7,8000,70000
05,70,2000,25000
05,71,8000,22000
05,72,5000,250000
05,73,75000,500000
05,74,8000,50000
05,75,0,0
05,76,5000,25000
05,77,5000,25000
05,78,5000,25000
05,79,5000,25000
05,8,0,0
05,80,5000,25000
05,81,5000,35000
05,82,5000,25000
05,83,5000,25000
05,84,5000,30000
05,85,5000,20000
05,86,5000,15000
05,87,5000,20000
05,88,5000,25000
05,89,5000,30000
05,9,5000,16000
05,90,5000,25000
05,91,5000,25000
05,92,5000,15000
05,93,4000,15000
05,94,15000,40000
05,95,2000,10000
05,96,2000,10000
05,97,2000,10000
05,98,10000,75000
05,99,15000,50000
06,1,0,0
06,10,5000,20000
06,100,20000,150000
06,101,3000,30000
06,102,0,0
06,103,20000,60000
06,104,20000,45000
06,105,20000,45000
06,106,5000,20001
06,107,5000,30000
06,108,3000,6000
06,109,5000,30000
06,11,5000,20000
06,110,0,0
06,111,4000,30000
06,112,5000,30000
06,113,15000,80000
06,114,10000,30000
06,115,5000,30000
06,116,10000,110000
06,117,10000,30000
06,118,6000,30000
06,119,5000,30000
06,12,5000,20000
06,120,5000,30000
06,121,5000,30000
06,122,5000,35000
06,123,5000,35000
06,124,5000,25000
06,125,5000,25000
06,126,0,0
06,127,15000,40400
06,128,9000,35000
06,129,1000,10000
06,13,5000,30001
06,130,0,0
06,131,0,0
06,132,1200,20000
06,133,2000,20000
06,134,500,10000
06,135,200,5000
06,136,1000,15000
06,137,1250,25000
06,138,0,0
06,139,0,0
06,14,5000,10000
06,140,5,25
06,141,20,300
06,142,20,501
06,143,30,500
06,144,15,1000
06,145,20,700
06,146,20,7000
06,147,10,2000
06,148,80,15000
06,149,40,15000
06,15,5000,20000
06,150,25,15000
06,151,50,20000
06,152,50,5000
06,153,15,5000
06,154,0,0
06,155,2500,25000
06,156,1500,20000
06,157,5000,25000
06,158,5000,15000
06,159,0,0
06,16,0,0
06,160,1000,20000
06,161,2000,15000
06,162,50,15000
06,163,1000,5000
06,164,1000,5000
06,165,1000,5000
06,166,5000,15000
06,167,8000,30000
06,168,10000,50000
06,169,10000,50000
06,17,20000,50000
06,170,4000,20000
06,171,10000,30000
06,172,10000,50000
06,173,5000,25000
06,174,3000,30000
06,175,10000,50000
06,176,5000,30000
06,177,500,10000
06,178,5000,50000
06,179,5000,50000
06,18,20000,50000
06,180,500,15000
06,181,5000,25000
06,182,5000,30000
06,183,8000,15000
06,184,3000,22000
06,185,5000,28400
06,186,500,15000
06,187,0,20000
06,188,2000,25000
06,189,2000,25000
06,19,25000,70000
06,190,5000,25000
06,191,15000,75001
06,192,0,0
06,193,1000,5000
06,194,750,5000
06,195,1000,5000
06,196,500,10000
06,197,500,1000
06,2,10000,18000
06,20,20000,50000
06,201,200000,3000000
06,202,200000,2500000
06,206,400,250000
06,208,1000,70000
06,21,20000,80000
06,216,10000,20000
06,218,6500,68001
06,22,15000,45000
06,222,25000,80000
06,225,6000,16500
06,227,6000,10000
06,229,10000,25000
06,23,15000,50000
06,24,15000,60000
06,25,15000,35001
06,26,15000,20000
06,27,25000,50000
06,28,25000,60001
06,29,25000,50000
06,3,10000,35000
06,30,15000,80000
06,31,30000,80000
06,32,25000,80000
06,33,15000,20000
06,34,15000,20000
06,35,15000,60000
06,36,10000,40000
06,37,60000,120000
06,38,25000,60000
06,39,30000,100000
06,4,5000,15000
06,40,10000,15000
06,41,10000,90000
06,42,2000,5000
06,43,2000,5000
06,44,2000,8000
06,45,2000,5000
06,46,2000,5000
06,47,2000,5000
06,48,2000,5000
06,49,2000,5000
06,5,5000,15000
06,50,5000,20000
06,51,2000,65000
06,52,8000,20000
06,53,2500,20000
06,54,5000,10000
06,55,0,0
06,56,90000,180000
06,57,33000,130000
06,58,50000,130000
06,59,25000,52000
06,6,8000,20000
06,60,35000,120000
06,61,35000,80000
06,62,25000,30000
06,63,20000,100000
06,64,20000,100000
06,65,0,0
06,66,1500,3000
06,67,2000,7500
06,68,2000,7500
06,69,500,16001
06,7,6000,20001
06,70,2000,13000
06,71,8000,20000
06,72,3500,250000
06,73,5000,439500
06,74,5000,85000
06,75,0,0
06,76,3000,20000
06,77,2000,15000
06,78,5000,65000
06,79,3000,15000
06,8,0,0
06,80,3000,20000
06,81,8000,21000
06,82,3000,30000
06,83,5000,30000
06,84,5000,30001
06,85,3000,50000
06,86,3000,10000
06,87,5000,15000
06,88,3000,30000
06,89,3000,35000
06,9,5000,20001
06,90,2500,15000
06,91,5000,20000
06,92,3000,15000
06,93,3000,24000
06,94,5000,30000
06,95,3000,5000
06,96,3000,5000
06,97,2500,5000
06,98,20000,60000
06,99,20000,60000
07,1,0,0
07,10,7000,21000
07,100,10000,135000
07,101,9000,30000
07,102,0,0
07,103,20000,60000
07,104,20000,65000
07,105,8000,60000
07,106,2000,27000
07,107,2000,40000
07,108,2500,40000
07,109,2000,30000
07,11,5000,17000
07,110,0,0
07,111,10000,50000
07,112,5000,35000
07,113,20000,65000
07,114,5000,40000
07,115,5000,35000
07,116,15000,100000
07,117,10000,40000
07,118,5000,35000
07,119,5000,40000
07,12,5000,20000
07,120,4000,45000
07,121,4000,25000
07,122,3000,35000
07,123,10000,35000
07,124,10000,40000
07,125,5000,90000
07,126,0,0
07,127,14000,40000
07,128,15000,35000
07,129,750,4000
07,13,15000,30000
07,130,1500,432580
07,131,0,0
07,132,1000,2500
07,133,1300,80000
07,134,300,7000
07,135,200,5000
07,136,500,20000
07,137,1000,12000
07,138,10,50000
07,139,0,0
07,14,10000,20000
07,140,10,5000
07,141,20,5000
07,142,20,2000
07,143,10,2000
07,144,10,5000
07,145,10,5000
07,146,15,3000
07,147,10,2000
07,148,74,25000
07,149,30,6000
07,15,2500,25000
07,150,2000,25000
07,151,1900,20000
07,152,15,15000
07,153,20,10000
07,154,0,0
07,155,2000,34000
07,156,1000,10000
07,157,5000,25000
07,158,1500,25000
07,159,0,0
07,16,0,0
07,160,1000,16000
07,161,1000,15600
07,162,388,20000
07,163,1000,15000
07,164,1000,15000
07,165,1000,15000
07,166,3000,20000
07,167,7000,25000
07,168,5000,35000
07,169,10000,30000
07,17,20000,50000
07,170,2500,10000
07,171,2000,20000
07,172,10000,35000
07,173,5000,20000
07,174,8000,30000
07,175,10000,35000
07,176,5000,15000
07,177,200,17000
07,178,2000,35000
07,179,5000,35000
07,18,15000,50000
07,180,1000,25000
07,181,5000,20000
07,182,5000,20000
07,183,3000,50000
07,184,1000,15000
07,185,3000,65000
07,186,1000,15000
07,187,1000,20000
07,188,4000,15000
07,189,2000,25000
07,19,20000,75000
07,190,1000,20000
07,191,5000,65000
07,192,0,0
07,193,1000,5000
07,194,1000,5000
07,195,1000,25000
07,196,400,30000
07,197,1000,30000
07,2,10000,20000
07,20,15000,60000
07,201,250000,1500000
07,202,200000,10000000
07,206,415,2000
07,208,80,30000
07,21,20000,60000
07,216,10000,15450
07,218,6000,15000
07,22,10000,50000
07,222,30000,170000
07,225,7000,40000
07,227,0,0
07,229,10000,30000
07,23,15000,50000
07,24,10000,30000
07,25,20000,65000
07,26,20000,50000
07,27,20000,60000
07,28,20000,65000
07,29,20000,60000
07,3,10000,25000
07,30,10000,65000
07,31,25000,75000
07,32,20000,75000
07,33,20000,60000
07,34,20000,60000
07,35,20000,75000
07,36,10000,100000
07,37,30000,500000
07,38,20000,75000
07,39,25000,150000
07,4,5000,20000
07,40,10000,75000
07,41,40000,150000
07,42,2000,20000
07,43,2500,20000
07,44,2500,45000
07,45,3000,25000
07,46,4000,20000
07,47,2000,20000
07,48,2500,30000
07,49,3500,30000
07,5,5000,16000
07,50,1000,15000
07,51,2000,30000
07,52,8000,20000
07,53,10000,35000
07,54,2000,100000
07,55,0,0
07,56,80000,200000
07,57,70000,200000
07,58,20000,150000
07,59,27000,100000
07,6,8000,20000
07,60,30000,105000
07,61,20000,150000
07,62,15000,150000
07,63,10000,85000
07,64,15000,150000
07,65,0,0
07,66,1800,5000
07,67,2000,8000
07,68,1500,10000
07,69,750,10000
07,7,5500,15000
07,70,1500,15000
07,71,9000,20000
07,72,20000,150000
07,73,20000,175000
07,74,3000,150000
07,75,0,0
07,76,5000,30000
07,77,5000,20000
07,78,4000,35000
07,79,3000,25000
07,8,0,0
07,80,2500,25000
07,81,7000,35000
07,82,8000,25500
07,83,4000,40000
07,84,10000,35000
07,85,2500,35000
07,86,4000,30000
07,87,5000,35000
07,88,5000,50000
07,89,3000,55000
07,9,2500,18000
07,90,2000,15000
07,91,5000,30000
07,92,5000,30000
07,93,5000,20000
07,94,10000,40000
07,95,1136,10000
07,96,1420,11000
07,97,1250,15000
07,98,10000,100000
07,99,10000,75000
08,1,0,0
08,10,5000,30000
08,100,3500,150000
08,101,10000,120000
08,102,0,0
08,103,20000,50000
08,104,15000,35000
08,105,10000,50000
08,106,5000,110000
08,107,5000,30000
08,108,0,0
08,109,0,0
08,11,10000,30000
08,110,0,0
08,111,10000,100000
08,112,5000,50000
08,113,10000,120000
08,114,5000,60000
08,115,10000,60000
08,116,5000,60000
08,117,5000,60000
08,118,10000,60000
08,119,10000,60000
08,12,5000,35000
08,120,2000,50000
08,121,8000,60000
08,122,15000,25000
08,123,7000,35000
08,124,5000,50000
08,125,5000,100000
08,126,0,0
08,127,8000,30000
08,128,10000,35000
08,129,1000,60000
08,13,10000,40000
08,130,2000,30000
08,131,0,0
08,132,1500,30000
08,133,1500,40000
08,134,12,5000
08,135,12,3000
08,136,1000,11000
08,137,2000,10000
08,138,100,15000
08,139,0,0
08,14,5000,30000
08,140,10,140
08,141,10,5000
08,142,10,3000
08,143,10,3000
08,144,30,5000
08,145,15,5000
08,146,10,5000
08,147,10,3000
08,148,1000,15000
08,149,20,5000
08,15,4000,50000
08,150,7000,20000
08,151,7000,20000
08,152,20,7000
08,153,15,20000
08,154,0,0
08,155,2500,10000
08,156,1000,10000
08,157,7000,35000
08,158,5000,30000
08,159,0,0
08,16,0,0
08,160,800,25000
08,161,1000,10000
08,162,500,15000
08,163,1000,6000
08,164,1000,7000
08,165,1000,5000
08,166,5000,15000
08,167,1000,30000
08,168,10000,30000
08,169,10000,30000
08,17,10000,52000
08,170,3000,25000
08,171,2000,30000
08,172,10000,40000
08,173,5000,25000
08,174,2000,40000
08,175,10000,40000
08,176,3500,30000
08,177,1000,20000
08,178,5000,30000
08,179,10000,30000
08,18,10000,80000
08,180,2000,15000
08,181,5000,30000
08,182,3000,30000
08,183,5000,60000
08,184,3000,15000
08,185,5000,40000
08,186,3000,20000
08,187,3000,20000
08,188,4000,18000
08,189,2000,40000
08,19,10000,100000
08,190,1000,100000
08,191,20000,100000
08,192,0,0
08,193,1000,30000
08,194,800,5000
08,195,1000,5000
08,196,500,15000
08,197,1000,8000
08,2,8000,20000
08,20,10000,55000
08,201,400000,2500000
08,202,40000,2000000
08,206,300,1000000
08,208,415,55000
08,21,11000,85000
08,216,6000,50000
08,218,6000,20000
08,22,10000,60000
08,222,4000,100000
08,225,20000,60000
08,227,0,0
08,229,4000,15000
08,23,10000,50000
08,24,10000,50000
08,25,20000,65000
08,26,10000,100000
08,27,10000,80000
08,28,10000,100000
08,29,15000,80000
08,3,10000,35000
08,30,50000,100000
08,31,10000,180000
08,32,15000,125000
08,33,35000,150000
08,34,25000,100000
08,35,25000,100000
08,36,10000,150000
08,37,10000,150000
08,38,10000,120000
08,39,10000,150000
08,4,5000,25000
08,40,50000,150000
08,41,10000,150000
08,42,10000,25000
08,43,2000,50000
08,44,2000,60000
08,45,5000,50000
08,46,10000,60000
08,47,0,0
08,48,0,0
08,49,0,0
08,5,7000,20000
08,50,8000,20000
08,51,4000,50000
08,52,5000,50000
08,53,10000,100000
08,54,1000,5000
08,55,0,0
08,56,90000,175000
08,57,0,0
08,58,50000,125000
08,59,30000,80000
08,6,7000,20000
08,60,30000,100000
08,61,10000,150000
08,62,50000,100000
08,63,10000,100000
08,64,10000,100000
08,65,0,0
08,66,1800,6000
08,67,2000,10000
08,68,3000,8000
08,69,600,20000
08,7,8000,30000
08,70,600,15000
08,71,1000,30000
08,72,20000,180000
08,73,8000,250000
08,74,3000,2000000
08,75,0,0
08,76,5000,35000
08,77,5000,35000
08,78,5000,35000
08,79,5000,30000
08,8,0,0
08,80,5000,30000
08,81,10000,50000
08,82,5000,35000
08,83,5000,60000
08,84,10000,50000
08,85,5000,50000
08,86,5000,30000
08,87,5000,50000
08,88,3000,50000
08,89,5000,30000
08,9,5000,30000
08,90,3000,30000
08,91,3000,30000
08,92,5000,30000
08,93,5000,30000
08,94,0,0
08,95,2000,50000
08,96,2000,50000
08,97,2000,20000
08,98,5000,150000
08,99,10000,50000
09,1,0,0
09,10,7000,15000
09,100,15000,65000
09,101,5000,25000
09,102,0,0
09,103,20000,45000
09,104,20000,40000
09,105,20000,48000
09,106,10000,20000
09,107,10000,20000
09,108,500,15000
09,109,1000,5000
09,11,9000,20000
09,110,0,0
09,111,10000,35000
09,112,8000,25000
09,113,15000,60000
09,114,8000,25000
09,115,10000,75000
09,116,20000,75000
09,117,8000,25000
09,118,8000,20000
09,119,8000,20000
09,12,9000,15000
09,120,10000,20000
09,121,6000,15000
09,122,8000,25000
09,123,7000,30000
09,124,8000,35000
09,125,15000,35000
09,126,0,0
09,127,13000,25000
09,128,15000,25000
09,129,1200,35000
09,13,13000,30000
09,130,3000,20000
09,131,0,0
09,132,1500,3000
09,133,1400,3000
09,134,5000,12000
09,135,200,1000
09,136,1000,9500
09,137,900,5000
09,138,1000,9000
09,139,0,0
09,14,8000,15000
09,140,12,35
09,141,10,50
09,142,25,50
09,143,100,300
09,144,40,80
09,145,40,80
09,146,40,100
09,147,100,300
09,148,6000,12000
09,149,20,200
09,15,8000,50000
09,150,6000,12000
09,151,6000,12000
09,152,50,200
09,153,20,500
09,154,0,0
09,155,2500,35000
09,156,2000,10000
09,157,5000,25000
09,158,2000,40000
09,159,0,0
09,16,0,0
09,160,500,5000
09,161,1000,15000
09,162,1000,20000
09,163,1000,10000
09,164,1000,5000
09,165,1000,10000
09,166,5000,15000
09,167,10000,25000
09,168,1000,40000
09,169,10000,35000
09,17,25000,50000
09,170,3000,10000
09,171,5000,20000
09,172,10000,30000
09,173,5000,15000
09,174,5000,30000
09,175,10000,25000
09,176,5000,14000
09,177,1000,15000
09,178,3000,25000
09,179,5000,30000
09,18,25000,50000
09,180,1500,15000
09,181,8000,15000
09,182,5000,20000
09,183,4000,25000
09,184,3000,20000
09,185,4000,30000
09,186,1500,25000
09,187,3000,15000
09,188,3000,15000
09,189,2000,30000
09,19,25000,55000
09,190,2500,25000
09,191,10000,60000
09,192,0,0
09,193,500,4000
09,194,500,4000
09,195,500,30000
09,196,1800,20000
09,197,1000,20000
09,2,11000,20000
09,20,25000,55000
09,201,200000,2000000
09,202,200000,2000000
09,206,400,1800
09,208,500,25000
09,21,20000,55000
09,216,10000,16000
09,218,6800,15000
09,22,25000,55000
09,222,20000,400000
09,225,6500,25000
09,227,100,100000
09,229,10000,30000
09,23,25000,55000
09,24,20000,55000
09,25,20000,50000
09,26,28000,70000
09,27,25000,45000
09,28,45000,75000
09,29,25000,75000
09,3,13000,25000
09,30,30000,60000
09,31,30000,65000
09,32,30000,70000
09,33,30000,70000
09,34,30000,70000
09,35,30000,70000
09,36,35000,80000
09,37,50000,90000
09,38,30000,80000
09,39,30000,125000
09,4,7500,20000
09,40,30000,80000
09,41,30000,80000
09,42,3000,80000
09,43,4000,8000
09,44,3000,10000
09,45,3000,12000
09,46,3000,10000
09,47,3000,10000
09,48,3000,10000
09,49,3000,10000
09,5,5500,17000
09,50,7500,15000
09,51,4000,12000
09,52,4000,15000
09,53,3000,15000
09,54,5000,22000
09,55,0,0
09,56,90000,140000
09,57,85000,120000
09,58,80000,125000
09,59,35000,65000
09,6,10000,17000
09,60,40000,125000
09,61,40000,140000
09,62,45000,180000
09,63,1200,50000
09,64,25000,45000
09,65,0,0
09,66,1800,4250
09,67,3000,6000
09,68,3000,10000
09,69,1250,2500
09,7,8000,70000
09,70,3000,20000
09,71,8000,20000
09,72,50000,500000
09,73,50000,500000
09,74,8000,50000
09,75,0,0
09,76,3000,12000
09,77,5000,20000
09,78,5000,15000
09,79,7000,15000
09,8,0,0
09,80,7000,15000
09,81,3000,16000
09,82,10000,20000
09,83,5000,20000
09,84,8000,25000
09,85,7000,20000
09,86,7000,17000
09,87,7500,20000
09,88,10000,22000
09,89,1000,20000
09,9,7000,16000
09,90,5000,20000
09,91,5000,22000
09,92,10000,20000
09,93,10000,20000
09,94,8000,15000
09,95,2500,6000
09,96,2500,6000
09,97,2500,5000
09,98,15000,65000
09,99,15000,65000
10,1,0,0
10,10,8000,17000
10,100,20000,70000
10,101,5000,30000
10,102,0,0
10,103,22000,40000
10,104,0,0
10,105,20000,35000
10,106,8000,12000
10,107,15000,20000
10,108,0,0
10,109,0,0
10,11,4000,12000
10,110,0,0
10,111,6000,25000
10,112,5000,15000
10,113,20000,70000
10,114,8000,40000
10,115,10000,25000
10,116,10000,100000
10,117,10000,15000
10,118,5000,17500
10,119,2000,20000
10,12,4000,20000
10,120,3000,15000
10,121,5000,15000
10,122,10000,25000
10,123,10000,30000
10,124,10000,40000
10,125,15000,22000
10,126,0,0
10,127,20000,40000
10,128,15000,30000
10,129,1000,5000
10,13,10000,30000
10,130,0,0
10,131,0,0
10,132,1500,10000
10,133,1500,15000
10,134,500,7000
10,135,280,2000
10,136,3000,10000
10,137,1000,20000
10,138,1500,2500
10,139,0,0
10,14,0,0
10,140,13,25
10,141,20,700
10,142,10,500
10,143,500,1000
10,144,25,500
10,145,20,400
10,146,40,50
10,147,83,4400
10,148,3000,15000
10,149,50,150
10,15,0,0
10,150,1300,10000
10,151,3000,10000
10,152,100,7000
10,153,5,200
10,154,0,0
10,155,2000,10000
10,156,1500,15000
10,157,7500,20000
10,158,0,0
10,159,0,0
10,16,0,0
10,160,714,5000
10,161,1000,5000
10,162,1000,10000
10,163,1000,5000
10,164,1000,5000
10,165,1000,6000
10,166,3000,12000
10,167,5000,25000
10,168,5000,50000
10,169,5000,30000
10,17,10000,50000
10,170,3000,7000
10,171,2000,20000
10,172,10000,30000
10,173,3000,15000
10,174,5000,20000
10,175,3000,30000
10,176,1000,15000
10,177,2000,30000
10,178,2500,35000
10,179,5000,20000
10,18,10000,40000
10,180,800,5000
10,181,5000,25000
10,182,5000,15000
10,183,5000,7000
10,184,1500,10000
10,185,4000,25000
10,186,1000,20000
10,187,1000,20000
10,188,1000,15000
10,189,3000,25000
10,19,20000,75000
10,190,5000,40000
10,191,20000,50000
10,192,0,0
10,193,1000,3000
10,194,1000,3000
10,195,1000,3000
10,196,1000,20000
10,197,3000,8000
10,2,11000,17000
10,20,10000,40000
10,201,300000,900000
10,202,200000,900000
10,206,415,1444
10,208,1000,2000
10,21,10000,45000
10,216,10000,15000
10,218,6000,15000
10,22,10000,35000
10,222,20000,150000
10,225,5000,22000
10,227,0,0
10,229,15000,35000
10,23,10000,15000
10,24,10000,30000
10,25,15000,20000
10,26,40000,60000
10,27,30000,50000
10,28,40000,50000
10,29,30000,60000
10,3,12000,26000
10,30,30000,45000
10,31,30000,70000
10,32,40000,60000
10,33,0,0
10,34,45000,60000
10,35,0,0
10,36,25000,70000
10,37,50000,300000
10,38,10000,50000
10,39,40000,500000
10,4,5000,25000
10,40,20000,45000
10,41,20000,35000
10,42,0,0
10,43,0,0
10,44,1000,15000
10,45,4000,15000
10,46,5000,10000
10,47,0,0
10,48,0,0
10,49,0,0
10,5,5000,15000
10,50,3600,12000
10,51,10000,15000
10,52,0,0
10,53,0,0
10,54,0,0
10,55,0,0
10,56,80000,150000
10,57,80000,130000
10,58,40000,50000
10,59,25000,70000
10,6,10000,20000
10,60,40000,100000
10,61,35000,60000
10,62,0,0
10,63,0,0
10,64,0,0
10,65,0,0
10,66,2000,3000
10,67,2000,4000
10,68,2500,3000
10,69,250,1500
10,7,0,0
10,70,2000,8500
10,71,10000,15000
10,72,4500,150000
10,73,10000,280000
10,74,0,0
10,75,0,0
10,76,5000,25000
10,77,5000,20000
10,78,4000,12000
10,79,5000,16000
10,8,0,0
10,80,5000,20000
10,81,5000,30000
10,82,5000,20000
10,83,5000,25000
10,84,15000,30000
10,85,2500,20000
10,86,2500,10000
10,87,1000,20000
10,88,10000,20000
10,89,4000,30000
10,9,4000,20000
10,90,3500,12000
10,91,5000,10000
10,92,8000,17000
10,93,8000,12000
10,94,0,0
10,95,2500,5000
10,96,2500,5000
10,97,0,0
10,98,15000,60000
10,99,0,0
11,1,0,0
11,10,3000,25000
11,100,23000,160000
11,101,5000,20000
11,102,0,0
11,103,15000,40000
11,104,0,0
11,105,10000,50000
11,106,10000,30000
11,107,10000,32000
11,108,0,0
11,109,0,0
11,11,5000,25000
11,110,0,0
11,111,5000,50000
11,112,5000,60000
11,113,5000,60000
11,114,5000,35000
11,115,5000,35000
11,116,5000,45000
11,117,5000,35000
11,118,5000,30000
11,119,5000,30000
11,12,5000,25000
11,120,2000,20000
11,121,5000,30000
11,122,5000,28000
11,123,5000,25000
11,124,5000,30000
11,125,5000,45000
11,126,0,0
11,127,10000,50000
11,128,10000,40000
11,129,1000,25000
11,13,5000,25000
11,130,0,0
11,131,0,0
11,132,1000,5000
11,133,1500,5000
11,134,1000,3500
11,135,1000,10000
11,136,5000,35000
11,137,1500,10000
11,138,500,12500
11,139,0,0
11,14,5000,25000
11,140,10,200
11,141,50,1500
11,142,25,1000
11,143,25,1000
11,144,10,750
11,145,10,500
11,146,0,0
11,147,10,1000
11,148,4000,8000
11,149,10,1000
11,15,2000,25000
11,150,3000,10000
11,151,3000,10000
11,152,10,10000
11,153,10,10000
11,154,0,0
11,155,2500,6000
11,156,2500,15000
11,157,2500,15000
11,158,0,0
11,159,0,0
11,16,0,0
11,160,1000,3000
11,161,1000,5000
11,162,5000,25000
11,163,1000,5000
11,164,1000,5000
11,165,1000,5000
11,166,2500,15000
11,167,2500,22000
11,168,10000,35000
11,169,10000,35000
11,17,20000,75000
11,170,5000,15000
11,171,5000,25000
11,172,7500,35000
11,173,5000,15000
11,174,5000,30000
11,175,5000,20000
11,176,5000,20000
11,177,5000,50000
11,178,2500,20000
11,179,5000,25000
11,18,20000,50000
11,180,1000,10000
11,181,3500,15000
11,182,5000,15000
11,183,5000,30000
11,184,5000,30000
11,185,3000,45000
11,186,1500,40000
11,187,1500,15000
11,188,1500,15000
11,189,2500,30000
11,19,20000,70000
11,190,3000,25000
11,191,5000,60000
11,192,0,0
11,193,1000,5000
11,194,1000,5000
11,195,1000,5000
11,196,1000,80000
11,197,1000,80000
11,2,10000,20000
11,20,10000,50000
11,201,250000,5000000
11,202,250000,2500000
11,206,415,25000
11,208,3000,25000
11,21,15000,100000
11,216,10000,20000
11,218,5500,15000
11,22,10000,60000
11,222,35000,80000
11,225,6000,27500
11,227,0,0
11,229,16000,20000
11,23,8000,60000
11,24,15000,50000
11,25,8000,50000
11,26,20000,75000
11,27,20000,50000
11,28,20000,63000
11,29,20000,60000
11,3,12000,25000
11,30,20000,65000
11,31,25000,100000
11,32,25000,100000
11,33,20000,75000
11,34,20000,100000
11,35,25000,80000
11,36,8000,95000
11,37,25000,100000
11,38,25000,85000
11,39,25000,90000
11,4,7000,20000
11,40,20000,80000
11,41,4000,80000
11,42,3000,85000
11,43,3000,75000
11,44,2000,60000
11,45,2000,15000
11,46,2000,20000
11,47,2000,11000
11,48,4000,6000
11,49,0,0
11,5,5000,45000
11,50,1000,13000
11,51,4000,10000
11,52,2000,75000
11,53,10000,20000
11,54,1000,71000
11,55,0,0
11,56,95000,160000
11,57,40000,150000
11,58,40000,150000
11,59,20000,85000
11,6,8000,20000
11,60,20000,85000
11,61,20000,80000
11,62,0,0
11,63,0,0
11,64,40000,100000
11,65,0,0
11,66,1000,4000
11,67,1000,6000
11,68,1000,8000
11,69,1000,20000
11,7,0,0
11,70,2500,10000
11,71,5000,15000
11,72,20000,200000
11,73,20000,250000
11,74,0,0
11,75,0,0
11,76,10000,25000
11,77,8000,20000
11,78,5000,20000
11,79,5000,20000
11,8,0,0
11,80,5000,25000
11,81,8000,45000
11,82,8000,25000
11,83,6000,25000
11,84,5000,25000
11,85,5000,25000
11,86,5000,20000
11,87,5000,25000
11,88,5000,55000
11,89,5000,35000
11,9,3000,20000
11,90,2500,20000
11,91,2500,20000
11,92,5000,20000
11,93,5000,20000
11,94,5000,30000
11,95,3000,16000
11,96,2000,15000
11,97,2000,40000
11,98,23000,80000
11,99,23000,160000
71,1,0,0
71,10,10000,25000
71,100,18000,160000
71,101,5000,50000
71,102,0,0
71,103,30000,75000
71,104,20000,60000
71,105,20000,150000
71,106,10000,30000
71,107,15000,35000
71,108,0,0
71,109,0,0
71,11,3000,15000
71,110,0,0
71,111,10000,50000
71,112,10000,28000
71,113,25000,125000
71,114,10000,25000
71,115,10000,50000
71,116,30000,200000
71,117,10000,20000
71,118,15000,25000
71,119,10000,25000
71,12,10000,15000
71,120,3500,22000
71,121,3500,15000
71,122,5000,30000
71,123,10000,25000
71,124,5000,15000
71,125,5000,150000
71,126,0,0
71,127,10000,20000
71,128,15000,100000
71,129,4000,10000
71,13,20000,35000
71,130,5000,100000
71,131,0,0
71,132,1500,5000
71,133,2000,5000
71,134,4000,10000
71,135,150,1000
71,136,12000,55000
71,137,1000,10000
71,138,1500,50000
71,139,0,0
71,14,0,0
71,140,5,25
71,141,35,55
71,142,150,300
71,143,150,1000
71,144,35,100
71,145,20,150
71,146,25,65
71,147,50,200
71,148,3000,10000
71,149,25,100
71,15,5000,30000
71,150,3000,10000
71,151,3000,10000
71,152,20,150
71,153,10,300
71,154,0,0
71,155,2000,45000
71,156,2500,10000
71,157,5000,35000
71,158,0,0
71,159,0,0
71,16,0,0
71,160,1000,3000
71,161,500,10000
71,162,2500,10000
71,163,1000,15000
71,164,1000,5000
71,165,1000,5000
71,166,5000,20000
71,167,12000,35000
71,168,5000,50000
71,169,10000,100000
71,17,15000,35000
71,170,5000,10000
71,171,5000,25000
71,172,15000,100000
71,173,5000,50000
71,174,10000,50000
71,175,10000,50000
71,176,5000,20000
71,177,750,15000
71,178,5000,50000
71,179,5000,50000
71,18,20000,50000
71,180,2500,50000
71,181,10000,30000
71,182,10000,30000
71,183,2000,50000
71,184,1000,25000
71,185,5000,50000
71,186,2500,20000
71,187,2000,30000
71,188,3000,20000
71,189,2000,20000
71,19,34000,70000
71,190,5000,50000
71,191,15000,100000
71,192,0,0
71,193,1500,5000
71,194,2000,10000
71,195,2000,15000
71,196,0,0
71,197,1500,15000
71,2,10000,50000
71,20,25000,45000
71,201,250000,3000000
71,202,250000,2000000
71,206,400,10000
71,208,550,12500
71,21,65000,100000
71,216,10000,15000
71,218,6800,17000
71,22,25000,50000
71,222,25000,300000
71,225,5000,17000
71,227,0,0
71,229,14000,200000
71,23,25000,50000
71,24,0,0
71,25,40000,60000
71,26,25000,50000
71,27,30000,50000
71,28,30000,1000000
71,29,0,0
71,3,15000,30000
71,30,20000,40000
71,31,110000,150000
71,32,70000,100000
71,33,0,0
71,34,0,0
71,35,40000,75000
71,36,15000,100000
71,37,85000,200000
71,38,30000,150000
71,39,100000,200000
71,4,7000,15000
71,40,45000,70000
71,41,80000,130000
71,42,0,0
71,43,0,0
71,44,3500,15000
71,45,10000,25000
71,46,0,0
71,47,0,0
71,48,3000,10000
71,49,0,0
71,5,3000,11000
71,50,5000,10000
71,51,10000,50000
71,52,10000,30000
71,53,0,0
71,54,0,0
71,55,0,0
71,56,115000,200000
71,57,100000,150000
71,58,60000,150000
71,59,30000,50000
71,6,7000,20000
71,60,30000,100000
71,61,40000,100000
71,62,25000,150000
71,63,10000,50000
71,64,15000,100000
71,65,0,0
71,66,1200,3000
71,67,3000,8000
71,68,4000,10000
71,69,500,10000
71,7,3000,25000
71,70,2000,30000
71,71,10000,20000
71,72,25000,200000
71,73,50000,300000
71,74,50000,200000
71,75,0,0
71,76,10000,30000
71,77,4700,25000
71,78,7000,15000
71,79,8000,15000
71,8,0,0
71,80,8000,15000
71,81,7000,30000
71,82,5000,50000
71,83,5000,40000
71,84,15000,40000
71,85,4500,10000
71,86,5000,15000
71,87,5000,20000
71,88,5000,30000
71,89,5000,10000
71,9,7000,15000
71,90,5000,30000
71,91,5000,30000
71,92,5000,30000
71,93,0,0
71,94,45000,75000
71,95,4000,6000
71,96,4000,6000
71,97,3000,4500
71,98,25000,100000
71,99,20000,80000
72,1,0,0
72,10,5000,20000
72,100,20000,80000
72,101,5000,50000
72,102,0,0
72,103,24000,45000
72,104,10000,20000
72,105,20000,45000
72,106,6500,20000
72,107,10000,30000
72,108,0,0
72,109,25000,30000
72,11,5000,35000
72,110,0,0
72,111,10000,80000
72,112,5000,30000
72,113,20000,70000
72,114,5000,200000
72,115,5000,20000
72,116,10000,100000
72,117,10000,25000
72,118,5000,40000
72,119,5000,40000
72,12,5000,20000
72,120,2500,15000
72,121,4000,18000
72,122,3000,20000
72,123,10000,45000
72,124,10000,35000
72,125,5000,70000
72,126,0,0
72,127,10000,50000
72,128,7000,28000
72,129,2500,10000
72,13,15000,30000
72,130,500,25000
72,131,0,0
72,132,1200,19000
72,133,1000,30000
72,134,7000,15000
72,135,200,2000
72,136,1200,60000
72,137,900,22500
72,138,1200,25000
72,139,0,0
72,14,0,0
72,140,10,75
72,141,10,100
72,142,25,300
72,143,25,500
72,144,15,100
72,145,10,100
72,146,40,200
72,147,45,8000
72,148,40,13000
72,149,15,7000
72,15,5000,20000
72,150,4000,24000
72,151,200,15000
72,152,25,325
72,153,10,5000
72,154,0,0
72,155,1500,30000
72,156,1500,20000
72,157,4500,26000
72,158,10000,17000
72,159,0,0
72,16,0,0
72,160,600,10000
72,161,1000,20000
72,162,1500,20000
72,163,1000,15000
72,164,1000,5000
72,165,1000,10000
72,166,5000,18000
72,167,10000,35000
72,168,5000,50000
72,169,5000,40000
72,17,20000,60000
72,170,3000,10000
72,171,8000,20000
72,172,10000,40000
72,173,2000,35000
72,174,5000,50000
72,175,10000,50000
72,176,5000,30000
72,177,1000,30000
72,178,2500,50000
72,179,5000,50000
72,18,14000,80000
72,180,1000,35000
72,181,5000,25000
72,182,5000,25000
72,183,1000,50000
72,184,2400,15000
72,185,3000,180000
72,186,1500,30000
72,187,1500,25000
72,188,4000,60000
72,189,2000,30000
72,19,22000,120000
72,190,1000,30000
72,191,20000,150000
72,192,0,0
72,193,1000,3000
72,194,1000,3000
72,195,500,4000
72,196,5000,60000
72,197,2700,5200
72,2,10000,37000
72,20,18000,43000
72,201,250000,300000000
72,202,250000,100000000
72,206,415,11352
72,208,600,40000
72,21,18000,100000
72,216,10000,20000
72,218,6800,20000
72,22,14000,50000
72,222,15000,500000
72,225,6000,25000
72,227,0,0
72,229,10000,48000
72,23,18000,50000
72,24,10000,50000
72,25,20000,50000
72,26,35000,70000
72,27,20000,40000
72,28,30000,40000
72,29,30000,69000
72,3,17000,33000
72,30,25000,70000
72,31,30000,70000
72,32,35000,70000
72,33,0,0
72,34,30000,60000
72,35,0,0
72,36,15000,120000
72,37,40000,120000
72,38,20000,120000
72,39,35000,125000
72,4,5000,20000
72,40,20000,60000
72,41,15000,70000
72,42,7500,15000
72,43,7500,15000
72,44,4000,20000
72,45,5000,90000
72,46,5000,20000
72,47,0,0
72,48,5000,15000
72,49,0,0
72,5,5000,17000
72,50,6000,25000
72,51,4375,30000
72,52,2000,30000
72,53,0,0
72,54,0,0
72,55,0,0
72,56,130000,190000
72,57,0,0
72,58,45000,120000
72,59,18000,55000
72,6,5000,17000
72,60,30000,120000
72,61,20000,150000
72,62,20000,190000
72,63,50000,90000
72,64,12000,100000
72,65,0,0
72,66,1500,3000
72,67,2000,6000
72,68,2000,7000
72,69,150,6500
72,7,5000,30000
72,70,2500,13000
72,71,5000,17000
72,72,39000,237000
72,73,60000,560000
72,74,5000,600000
72,75,0,0
72,76,5000,30000
72,77,5000,15000
72,78,7000,20000
72,79,5000,20000
72,8,0,0
72,80,10000,25000
72,81,10000,28000
72,82,10000,50000
72,83,2000,18000
72,84,10000,40000
72,85,5000,15000
72,86,4000,15000
72,87,5000,150000
72,88,10000,55000
72,89,5000,25000
72,9,3000,20000
72,90,2500,10000
72,91,2500,12000
72,92,5000,25000
72,93,4000,20000
72,94,30000,40000
72,95,4000,6000
72,96,3500,6000
72,97,3000,35000
72,98,20000,80000
72,99,35000,65000
73,1,0,0
73,10,5000,20000
73,100,2450,72500
73,101,2000,48000
73,102,0,0
73,103,25000,66000
73,104,20000,30000
73,105,25000,65000
73,106,5000,24000
73,107,5000,25000
73,108,0,0
73,109,5000,30000
73,11,0,0
73,110,0,0
73,111,10000,79000
73,112,10000,30000
73,113,20000,96000
73,114,10000,25000
73,115,7500,50000
73,116,30000,70000
73,117,7500,20000
73,118,5000,15000
73,119,4900,25000
73,12,5000,15000
73,120,3000,25000
73,121,5000,25000
73,122,5000,25000
73,123,15000,35000
73,124,10000,250000
73,125,10000,250000
73,126,0,0
73,127,14900,54900
73,128,14000,54000
73,129,5000,7500
73,13,10000,42900
73,130,5000,255000
73,131,0,0
73,132,1300,17000
73,133,2500,33100
73,134,1600,66600
73,135,70,2250
73,136,5000,75000
73,137,722,5000
73,138,130,25000
73,139,0,0
73,14,0,0
73,140,8,250
73,141,10,300
73,142,10,450
73,143,10,800
73,144,12,53
73,145,12,200
73,146,6,300
73,147,70,1000
73,148,100,15000
73,149,48,200
73,15,4000,16000
73,150,2500,10000
73,151,3500,10000
73,152,30,500
73,153,15,500
73,154,0,0
73,155,2000,25500
73,156,1000,15000
73,157,7000,37000
73,158,2500,10000
73,159,0,0
73,16,0,0
73,160,1000,23000
73,161,1500,25000
73,162,3550,25000
73,163,1250,8500
73,164,1000,3000
73,165,1000,2500
73,166,5000,15000
73,167,10000,25000
73,168,10000,30000
73,169,10000,30000
73,17,20000,60000
73,170,4000,8000
73,171,3000,13000
73,172,15000,30000
73,173,2000,15000
73,174,5000,25000
73,175,10000,30000
73,176,3000,15000
73,177,1000,26360
73,178,5000,10000
73,179,5000,25000
73,18,20000,60000
73,180,750,11500
73,181,10000,20000
73,182,10000,15000
73,183,10000,15000
73,184,2000,8300
73,185,5000,47300
73,186,2000,15000
73,187,3500,18600
73,188,4000,18000
73,189,2500,30000
73,19,30000,55000
73,190,10000,15000
73,191,6500,100000
73,192,0,0
73,193,500,3000
73,194,800,3000
73,195,1000,3500
73,196,0,0
73,197,0,0
73,2,10000,47500
73,20,20000,75000
73,201,300000,1000000
73,202,300000,1000000
73,206,415,2200
73,208,2400,5000
73,21,30000,75000
73,216,10000,16900
73,218,6800,16500
73,22,25000,75000
73,222,20000,80000
73,225,6000,22000
73,227,0,0
73,229,13000,25000
73,23,20000,45000
73,24,20000,45000
73,25,20000,45000
73,26,20000,40000
73,27,20000,50000
73,28,25000,50000
73,29,26000,40000
73,3,13000,44800
73,30,26000,80000
73,31,40000,80000
73,32,40000,70000
73,33,32000,45000
73,34,30000,45000
73,35,22000,75000
73,36,22000,130000
73,37,30000,130000
73,38,30000,50000
73,39,0,0
73,4,6000,22500
73,40,0,0
73,41,0,0
73,42,5000,15000
73,43,5000,100000
73,44,5000,70000
73,45,5000,150000
73,46,3000,10000
73,47,5000,10000
73,48,5000,17000
73,49,13000,16000
73,5,6000,29500
73,50,4850,50000
73,51,6250,30000
73,52,24000,25000
73,53,0,0
73,54,0,0
73,55,0,0
73,56,110000,149900
73,57,0,0
73,58,17500,110000
73,59,20000,63900
73,6,8000,17700
73,60,32900,90000
73,61,20000,300000
73,62,78000,200000
73,63,20000,69900
73,64,15000,99000
73,65,0,0
73,66,1500,3000
73,67,2500,4000
73,68,2000,5300
73,69,300,950
73,7,5000,30500
73,70,1500,10000
73,71,11000,24000
73,72,80000,477500
73,73,80000,500000
73,74,10000,320000
73,75,0,0
73,76,7000,15000
73,77,5000,24500
73,78,2500,69901
73,79,5000,28900
73,8,0,0
73,80,5000,25900
73,81,5000,29900
73,82,5000,35925
73,83,5000,23750
73,84,5000,49500
73,85,5000,20000
73,86,5000,20769
73,87,5000,29900
73,88,5000,48900
73,89,5000,10000
73,9,4000,10000
73,90,5000,10000
73,91,5000,7500
73,92,5000,7500
73,93,0,0
73,94,7000,102300
73,95,2500,14850
73,96,2500,4800
73,97,3000,29900
73,98,2000,49500
73,99,30000,50000
74,1,0,0
74,10,5000,15000
74,100,20000,80000
74,101,3000,45000
74,102,0,0
74,103,25000,45000
74,104,15000,30000
74,105,5000,45000
74,106,10000,15000
74,107,10000,20000
74,108,0,0
74,109,0,0
74,11,3000,10000
74,110,0,0
74,111,10000,60000
74,112,10000,30000
74,113,20000,84000
74,114,3000,25000
74,115,3500,20000
74,116,10000,100000
74,117,10000,25000
74,118,4000,20000
74,119,4000,20000
74,12,5000,15000
74,120,3000,20000
74,121,5000,25000
74,122,8000,20000
74,123,7500,30000
74,124,15000,18000
74,125,3000,60000
74,126,0,0
74,127,13500,30000
74,128,13000,31400
74,129,1000,7500
74,13,5000,35000
74,130,0,0
74,131,0,0
74,132,1000,20000
74,133,681,25000
74,134,1000,6000
74,135,200,7000
74,136,2000,25500
74,137,700,5000
74,138,1000,5000
74,139,0,0
74,14,0,0
74,140,6,300
74,141,20,47
74,142,40,55
74,143,100,500
74,144,15,6000
74,145,15,5000
74,146,50,60
74,147,48,1000
74,148,7000,30000
74,149,20,50
74,15,0,0
74,150,4500,47000
74,151,3500,12000
74,152,44,7300
74,153,25,100
74,154,0,0
74,155,1500,27000
74,156,1000,10000
74,157,5000,38000
74,158,3500,26000
74,159,0,0
74,16,0,0
74,160,800,10000
74,161,1000,7500
74,162,800,40000
74,163,1000,5000
74,164,1000,5000
74,165,1000,6000
74,166,5000,10000
74,167,10000,25000
74,168,5000,35000
74,169,5000,30000
74,17,10000,40000
74,170,3000,10000
74,171,0,0
74,172,10000,35000
74,173,5000,25000
74,174,8000,30000
74,175,6000,35000
74,176,6000,15000
74,177,500,25000
74,178,3000,50000
74,179,5000,40000
74,18,10000,50000
74,180,800,8500
74,181,5000,18000
74,182,7000,30000
74,183,3000,25000
74,184,1000,15000
74,185,4000,33500
74,186,2000,10000
74,187,1000,39900
74,188,3000,25000
74,189,1000,30000
74,19,15000,70000
74,190,1000,30000
74,191,10000,80000
74,192,0,0
74,193,1000,3000
74,194,1000,4000
74,195,1200,3000
74,196,1500,32000
74,197,0,0
74,2,10000,16500
74,20,10000,50000
74,201,400000,3000000
74,202,300000,17000000
74,206,415,1700
74,208,3000,20000
74,21,20000,40000
74,216,10000,14900
74,218,6800,18000
74,22,10000,75000
74,222,40000,110000
74,225,6000,100000
74,227,0,0
74,229,10000,30000
74,23,10000,60000
74,24,40000,80000
74,25,0,0
74,26,0,0
74,27,25000,47500
74,28,30000,100000
74,29,20000,47500
74,3,10000,22000
74,30,30000,50000
74,31,45000,100000
74,32,45000,90000
74,33,0,0
74,34,25000,50000
74,35,30000,45000
74,36,30000,40000
74,37,50000,150000
74,38,35000,75000
74,39,0,0
74,4,2000,15000
74,40,40000,80000
74,41,0,0
74,42,0,0
74,43,0,0
74,44,1702,10000
74,45,5000,20000
74,46,4500,10000
74,47,70000,125000
74,48,0,0
74,49,0,0
74,5,5000,22000
74,50,1248,25000
74,51,0,0
74,52,0,0
74,53,25000,35000
74,54,0,0
74,55,0,0
74,56,90000,165000
74,57,95000,120000
74,58,45000,170000
74,59,20000,75000
74,6,8250,16500
74,60,35000,150000
74,61,50000,60000
74,62,0,0
74,63,20000,25000
74,64,30000,90000
74,65,0,0
74,66,1500,3500
74,67,2000,6000
74,68,2000,3500
74,69,500,3000
74,7,16000,25000
74,70,2000,8400
74,71,10000,16600
74,72,75000,575000
74,73,18000,425000
74,74,0,0
74,75,0,0
74,76,2500,30000
74,77,2000,30000
74,78,3000,17000
74,79,2000,15000
74,8,0,0
74,80,2000,15000
74,81,2000,16000
74,82,2000,16000
74,83,8000,30000
74,84,2000,30000
74,85,5000,20000
74,86,2500,16666
74,87,5000,20000
74,88,2000,20000
74,89,5000,20000
74,9,3000,15000
74,90,1500,10000
74,91,2000,10000
74,92,3000,10000
74,93,5000,10000
74,94,25000,35000
74,95,2000,6000
74,96,2000,6000
74,97,3500,3750
74,98,20000,60000
74,99,20000,45000