kode_prov	prov	kode_kabkot	kabkot	kode_kec	kec	kode_desa	desa	klas	kode_bs4	nks	jumlah_ruta	kode_sls	nama_sls
71	SULAWESI UTARA	01	BOLAANG MONGONDOW	021	DUMOGA BARAT	007	WANGGA BARU	2	004B	100035	119	000200	RT 2 DUSUN 1
71	SULAWESI UTARA	01	BOLAANG MONGONDOW	021	DUMOGA BARAT	007	WANGGA BARU	2	004B	100035	119	000300	RT 3 DUSUN 2
71	SULAWESI UTARA	01	BOLAANG MONGONDOW	021	DUMOGA BARAT	007	WANGGA BARU	2	004B	100035	119	000400	RT 4 DUSUN 2
71	SULAWESI UTARA	01	BOLAANG MONGONDOW	023	DUMOGA TIMUR	003	IMANDI	2	008B	100078	96	001100	RT 011 LINGKUNGAN 6
71	SULAWESI UTARA	01	BOLAANG MONGONDOW	023	DUMOGA TIMUR	003	IMANDI	2	008B	100078	96	001200	RT 012 LINGKUNGAN 6
71	SULAWESI UTARA	01	BOLAANG MONGONDOW	023	DUMOGA TIMUR	003	IMANDI	2	008B	100078	96	001300	RT 013 LINGKUNGAN 7
71	SULAWESI UTARA	01	BOLAANG MONGONDOW	024	DUMOGA TENGAH	004	IBOLIAN I	2	002B	100124	116	000100	DUSUN 1
71	SULAWESI UTARA	01	BOLAANG MONGONDOW	024	DUMOGA TENGAH	004	IBOLIAN I	2	002B	100124	116	000200	DUSUN 2
71	SULAWESI UTARA	01	BOLAANG MONGONDOW	024	DUMOGA TENGAH	004	IBOLIAN I	2	002B	100124	116	000300	DUSUN 3
71	SULAWESI UTARA	01	BOLAANG MONGONDOW	024	DUMOGA TENGAH	004	IBOLIAN I	2	002B	100124	116	000400	DUSUN 4
71	SULAWESI UTARA	01	BOLAANG MONGONDOW	026	DUMOGA	003	BUMBUNGON	2	003B	100157	107	000100	RT 001 DUSUN 1
71	SULAWESI UTARA	01	BOLAANG MONGONDOW	026	DUMOGA	003	BUMBUNGON	2	003B	100157	107	000500	RT 005 DUSUN 3
71	SULAWESI UTARA	01	BOLAANG MONGONDOW	026	DUMOGA	003	BUMBUNGON	2	003B	100157	107	000600	RT 006 DUSUN 3
71	SULAWESI UTARA	01	BOLAANG MONGONDOW	026	DUMOGA	003	BUMBUNGON	2	003B	100157	107	000800	RT 008 DUSUN 4
71	SULAWESI UTARA	01	BOLAANG MONGONDOW	060	LOLAYAN	001	MOPUSI	2	005B	100188	133	001200	RT 012 DUSUN 5
71	SULAWESI UTARA	01	BOLAANG MONGONDOW	060	LOLAYAN	001	MOPUSI	2	005B	100188	133	001300	RT 013 DUSUN 5
71	SULAWESI UTARA	01	BOLAANG MONGONDOW	060	LOLAYAN	001	MOPUSI	2	005B	100188	133	001500	RT 015 DUSUN 6
71	SULAWESI UTARA	01	BOLAANG MONGONDOW	060	LOLAYAN	011	BOMBANON	2	003B	100246	111	000500	RT 05 DUSUN 03
71	SULAWESI UTARA	01	BOLAANG MONGONDOW	060	LOLAYAN	011	BOMBANON	2	003B	100246	111	000600	RT 06 DUSUN 03
71	SULAWESI UTARA	01	BOLAANG MONGONDOW	060	LOLAYAN	011	BOMBANON	2	003B	100246	111	000700	RT 07 DUSUN 04
71	SULAWESI UTARA	01	BOLAANG MONGONDOW	060	LOLAYAN	011	BOMBANON	2	003B	100246	111	000800	RT 08 DUSUN 04
71	SULAWESI UTARA	01	BOLAANG MONGONDOW	081	PASSI BARAT	005	PASSI	2	007B	100294	90	000500	RT 9 DUSUN 5
71	SULAWESI UTARA	01	BOLAANG MONGONDOW	082	PASSI TIMUR	008	MOBUYA	2	002B	100331	105	000400	RT 4 DUSUN 2
71	SULAWESI UTARA	01	BOLAANG MONGONDOW	082	PASSI TIMUR	008	MOBUYA	2	002B	100331	105	000500	RT 5 DUSUN 2
71	SULAWESI UTARA	01	BOLAANG MONGONDOW	082	PASSI TIMUR	008	MOBUYA	2	002B	100331	105	000600	RT 6 DUSUN 2
71	SULAWESI UTARA	01	BOLAANG MONGONDOW	082	PASSI TIMUR	008	MOBUYA	2	002B	100331	105	000700	RT 7 DUSUN 3
71	SULAWESI UTARA	01	BOLAANG MONGONDOW	082	PASSI TIMUR	008	MOBUYA	2	002B	100331	105	000800	RT 8 DUSUN 3
71	SULAWESI UTARA	01	BOLAANG MONGONDOW	082	PASSI TIMUR	008	MOBUYA	2	002B	100331	105	000900	RT 9 DUSUN 3
71	SULAWESI UTARA	01	BOLAANG MONGONDOW	082	PASSI TIMUR	015	SINSINGON BARAT	1	003B	150121	115	000100	RT 1 DUSUN 1
71	SULAWESI UTARA	01	BOLAANG MONGONDOW	082	PASSI TIMUR	015	SINSINGON BARAT	1	003B	150121	115	000200	RT 2 DUSUN 1
71	SULAWESI UTARA	01	BOLAANG MONGONDOW	082	PASSI TIMUR	015	SINSINGON BARAT	1	003B	150121	115	000300	RT 3 DUSUN 2
71	SULAWESI UTARA	01	BOLAANG MONGONDOW	082	PASSI TIMUR	015	SINSINGON BARAT	1	003B	150121	115	000400	RT 4 DUSUN 2
71	SULAWESI UTARA	01	BOLAANG MONGONDOW	082	PASSI TIMUR	015	SINSINGON BARAT	1	003B	150121	115	000500	RT 5 DUSUN 3
71	SULAWESI UTARA	01	BOLAANG MONGONDOW	082	PASSI TIMUR	015	SINSINGON BARAT	1	003B	150121	115	000600	RT 6 DUSUN 3
71	SULAWESI UTARA	01	BOLAANG MONGONDOW	090	POIGAR	007	GOGALUMAN	2	003B	100374	95	000100	DUSUN 1
71	SULAWESI UTARA	01	BOLAANG MONGONDOW	090	POIGAR	007	GOGALUMAN	2	003B	100374	95	000200	DUSUN 2
71	SULAWESI UTARA	01	BOLAANG MONGONDOW	100	BOLAANG	004	BANGOMOLUNOW	2	003B	100423	96	000400	DUSUN II RT 004
71	SULAWESI UTARA	01	BOLAANG MONGONDOW	100	BOLAANG	004	BANGOMOLUNOW	2	003B	100423	96	000500	DUSUN III RT 005
71	SULAWESI UTARA	01	BOLAANG MONGONDOW	101	BOLAANG TIMUR	006	BANTIK	2	004B	100460	97	000100	RT 1 DUSUN 1
71	SULAWESI UTARA	01	BOLAANG MONGONDOW	101	BOLAANG TIMUR	006	BANTIK	2	004B	100460	97	000200	RT 2 DUSUN 2
71	SULAWESI UTARA	01	BOLAANG MONGONDOW	110	LOLAK	014	SAUK	2	002B	100500	124	000100	RT 01 DUSUN 1
71	SULAWESI UTARA	01	BOLAANG MONGONDOW	110	LOLAK	014	SAUK	2	002B	100500	124	000200	RT 02 DUSUN 1
71	SULAWESI UTARA	01	BOLAANG MONGONDOW	110	LOLAK	014	SAUK	2	002B	100500	124	000300	RT 03 DUSUN 2
71	SULAWESI UTARA	01	BOLAANG MONGONDOW	110	LOLAK	014	SAUK	2	002B	100500	124	000400	RT 04 DUSUN 2
71	SULAWESI UTARA	01	BOLAANG MONGONDOW	120	SANGTOMBOLANG	011	LOLANAN	2	004B	100536	63	000200	RT 02 DUSUN 1
71	SULAWESI UTARA	01	BOLAANG MONGONDOW	120	SANGTOMBOLANG	011	LOLANAN	2	004B	100536	63	000600	RT 06 DUSUN 3
71	SULAWESI UTARA	01	BOLAANG MONGONDOW	120	SANGTOMBOLANG	011	LOLANAN	2	004B	100536	63	001100	RT 11 DUSUN 6
71	SULAWESI UTARA	01	BOLAANG MONGONDOW	120	SANGTOMBOLANG	011	LOLANAN	2	004B	100536	63	001200	RT 12 DUSUN 6
71	SULAWESI UTARA	02	MINAHASA	091	LANGOWAN TIMUR	008	WALEURE	1	002B	150010	65	000200	JAGA 2
71	SULAWESI UTARA	02	MINAHASA	110	TOMPASO	010	TEMPOK	2	002B	100080	91	000200	JAGA 2
71	SULAWESI UTARA	02	MINAHASA	110	TOMPASO	013	KAMANGA DUA	1	002B	150129	123	000300	JAGA 3
71	SULAWESI UTARA	02	MINAHASA	110	TOMPASO	013	KAMANGA DUA	1	002B	150129	123	000400	JAGA 4
71	SULAWESI UTARA	02	MINAHASA	121	KAWANGKOAN BARAT	007	TOMBASIAN ATAS SATU	2	002B	100161	98	000300	JAGA 3
71	SULAWESI UTARA	02	MINAHASA	121	KAWANGKOAN BARAT	007	TOMBASIAN ATAS SATU	2	002B	100161	98	000400	JAGA 4
71	SULAWESI UTARA	02	MINAHASA	130	SONDER	013	LEILEM TIGA	1	002B	150227	99	000100	JAGA 1
71	SULAWESI UTARA	02	MINAHASA	130	SONDER	013	LEILEM TIGA	1	002B	150227	99	000200	JAGA 2
71	SULAWESI UTARA	02	MINAHASA	161	TOMBARIRI TIMUR	001	RANOTONGKOR	2	002B	100238	121	000400	JAGA 4
71	SULAWESI UTARA	02	MINAHASA	161	TOMBARIRI TIMUR	001	RANOTONGKOR	2	002B	100238	121	000500	JAGA 5
71	SULAWESI UTARA	02	MINAHASA	170	PINELENG	019	SEA II	1	005B	150317	74	000100	JAGA 1
71	SULAWESI UTARA	02	MINAHASA	171	TOMBULU	001	KEMBES DUA	2	002B	100295	109	000300	JAGA 3
71	SULAWESI UTARA	02	MINAHASA	171	TOMBULU	001	KEMBES DUA	2	002B	100295	109	000400	JAGA 4
71	SULAWESI UTARA	02	MINAHASA	172	MANDOLANG	005	KALASEY DUA	2	006B	100380	75	000200	JAGA 2
71	SULAWESI UTARA	02	MINAHASA	190	TONDANO BARAT	010	RINEGETAN	1	007B	150413	53	000300	LINGKUNGAN 3
71	SULAWESI UTARA	02	MINAHASA	191	TONDANO SELATAN	007	TATAARAN DUA	1	017B	150535	72	000600	LINGKUNGAN 6
71	SULAWESI UTARA	02	MINAHASA	210	KAKAS	019	KAWENG	2	005B	100453	86	000200	JAGA 2
71	SULAWESI UTARA	02	MINAHASA	230	ERIS	001	TELAP	2	003B	100542	49	000600	JAGA 6
71	SULAWESI UTARA	02	MINAHASA	250	TONDANO TIMUR	002	KINIAR	1	004B	150639	99	000400	LINGKUNGAN IV
71	SULAWESI UTARA	02	MINAHASA	250	TONDANO TIMUR	013	PAPAKELAN	2	004B	100606	124	000300	LINGKUNGAN 3
71	SULAWESI UTARA	03	KEPULAUAN SANGIHE	040	MANGANITU SELATAN	009	SOWAENG	2	003B	100012	117	000200	LINDONGAN 2
71	SULAWESI UTARA	03	KEPULAUAN SANGIHE	040	MANGANITU SELATAN	009	SOWAENG	2	003B	100012	117	000300	LINDONGAN 3
71	SULAWESI UTARA	03	KEPULAUAN SANGIHE	050	TAMAKO	003	BEBU	2	002B	100052	83	000200	LINDONGAN 02
71	SULAWESI UTARA	03	KEPULAUAN SANGIHE	050	TAMAKO	003	BEBU	2	002B	100052	83	000300	LINDONGAN 03
71	SULAWESI UTARA	03	KEPULAUAN SANGIHE	050	TAMAKO	012	NAGHA DUA	1	002B	150018	108	000300	LINDONGAN 03
71	SULAWESI UTARA	03	KEPULAUAN SANGIHE	050	TAMAKO	012	NAGHA DUA	1	002B	150018	108	000500	LINDONGAN 05
71	SULAWESI UTARA	03	KEPULAUAN SANGIHE	060	TABUKAN SELATAN	010	BINEBAS	2	001B	100080	96	000100	LINDONGAN 1
71	SULAWESI UTARA	03	KEPULAUAN SANGIHE	060	TABUKAN SELATAN	010	BINEBAS	2	001B	100080	96	000200	LINDONGAN 2
71	SULAWESI UTARA	03	KEPULAUAN SANGIHE	062	TABUKAN SELATAN TENGGARA	001	PINTARENG	2	001B	100103	90	000400	LINDONGAN 04
71	SULAWESI UTARA	03	KEPULAUAN SANGIHE	062	TABUKAN SELATAN TENGGARA	001	PINTARENG	2	001B	100103	90	000500	LINDONGAN 05
71	SULAWESI UTARA	03	KEPULAUAN SANGIHE	062	TABUKAN SELATAN TENGGARA	001	PINTARENG	2	001B	100103	90	000600	LINDONGAN 06
71	SULAWESI UTARA	03	KEPULAUAN SANGIHE	062	TABUKAN SELATAN TENGGARA	001	PINTARENG	2	001B	100103	90	000700	LINDONGAN 07
71	SULAWESI UTARA	03	KEPULAUAN SANGIHE	070	TABUKAN TENGAH	016	PALELANGEN	2	001B	100140	75	000100	LINDONGAN 01
71	SULAWESI UTARA	03	KEPULAUAN SANGIHE	070	TABUKAN TENGAH	016	PALELANGEN	2	001B	100140	75	000200	LINDONGAN 02
71	SULAWESI UTARA	03	KEPULAUAN SANGIHE	080	MANGANITU	009	MANUMPITAENG	2	001B	100175	109	000100	LINDONGAN 01
71	SULAWESI UTARA	03	KEPULAUAN SANGIHE	080	MANGANITU	009	MANUMPITAENG	2	001B	100175	109	000200	LINDONGAN 02
71	SULAWESI UTARA	03	KEPULAUAN SANGIHE	080	MANGANITU	009	MANUMPITAENG	2	001B	100175	109	000400	LINDONGAN 04
71	SULAWESI UTARA	03	KEPULAUAN SANGIHE	090	TAHUNA	010	SOATALOARA l	1	002B	150061	52	000300	RT 03 LINGKUNGAN 1
71	SULAWESI UTARA	03	KEPULAUAN SANGIHE	090	TAHUNA	010	SOATALOARA l	1	002B	150061	52	000400	RT 04 LINGKUNGAN 2
71	SULAWESI UTARA	03	KEPULAUAN SANGIHE	090	TAHUNA	014	SANTIAGO	1	008B	150090	75	000900	RT 09 LINGKUNGAN 5
71	SULAWESI UTARA	03	KEPULAUAN SANGIHE	092	TAHUNA BARAT	005	AKEMBAWI	2	001B	100203	149	000100	RT 01 LINGKUNGAN I
71	SULAWESI UTARA	03	KEPULAUAN SANGIHE	092	TAHUNA BARAT	005	AKEMBAWI	2	001B	100203	149	000200	RT 02 LINGKUNGAN I
71	SULAWESI UTARA	03	KEPULAUAN SANGIHE	092	TAHUNA BARAT	005	AKEMBAWI	2	001B	100203	149	000300	RT 03 LINGKUNGAN I
71	SULAWESI UTARA	03	KEPULAUAN SANGIHE	100	TABUKAN UTARA	005	PETTA	1	002B	150127	103	000300	LINDONGAN 03
71	SULAWESI UTARA	03	KEPULAUAN SANGIHE	100	TABUKAN UTARA	005	PETTA	1	002B	150127	103	000400	LINDONGAN 04
71	SULAWESI UTARA	03	KEPULAUAN SANGIHE	100	TABUKAN UTARA	013	BAHU	2	003B	100240	64	000300	LINDONGAN 03
71	SULAWESI UTARA	03	KEPULAUAN SANGIHE	110	KENDAHE	001	KENDAHE DUA	2	002B	100279	52	000300	LINDONGAN 03
71	SULAWESI UTARA	04	KEPULAUAN TALAUD	010	KABARUAN	008	KABARUAN	2	001B	100003	135	000100	DUSUN 1
71	SULAWESI UTARA	04	KEPULAUAN TALAUD	010	KABARUAN	008	KABARUAN	2	001B	100003	135	000200	DUSUN 2
71	SULAWESI UTARA	04	KEPULAUAN TALAUD	010	KABARUAN	008	KABARUAN	2	001B	100003	135	000300	DUSUN 3
71	SULAWESI UTARA	04	KEPULAUAN TALAUD	011	DAMAU	006	IGHIK	2	001B	100027	47	000100	DUSUN 1
71	SULAWESI UTARA	04	KEPULAUAN TALAUD	011	DAMAU	006	IGHIK	2	001B	100027	47	000200	DUSUN 2
71	SULAWESI UTARA	04	KEPULAUAN TALAUD	020	LIRUNG	005	LIRUNG	1	002B	150002	64	000200	LINGKUNGAN 2
71	SULAWESI UTARA	04	KEPULAUAN TALAUD	021	SALIBABU	005	DALUM	2	002B	100055	121	000400	DUSUN 4
71	SULAWESI UTARA	04	KEPULAUAN TALAUD	023	MORONGE	001	MORONGE SELATAN	2	003B	100075	57	000300	DUSUN III
71	SULAWESI UTARA	04	KEPULAUAN TALAUD	030	MELONGUANE	011	MELONGUANE TIMUR	1	004B	150032	82	000200	LINGKUNGAN 2
71	SULAWESI UTARA	04	KEPULAUAN TALAUD	031	MELONGUANE TIMUR	002	TULE UTARA	2	002B	100114	39	000300	DUSUN 3
71	SULAWESI UTARA	04	KEPULAUAN TALAUD	041	BEO UTARA	006	RAE SELATAN	2	004B	100141	49	000100	DUSUN I
71	SULAWESI UTARA	04	KEPULAUAN TALAUD	041	BEO UTARA	006	RAE SELATAN	2	004B	100141	49	000200	DUSUN II
71	SULAWESI UTARA	04	KEPULAUAN TALAUD	050	RAINIS	009	ALO UTARA	2	003B	100172	72	000200	DUSUN II
71	SULAWESI UTARA	04	KEPULAUAN TALAUD	050	RAINIS	009	ALO UTARA	2	003B	100172	72	000300	DUSUN III
71	SULAWESI UTARA	04	KEPULAUAN TALAUD	051	TAMPAN'AMMA	010	RIUNG UTARA	2	001B	100196	90	000100	DUSUN 1
71	SULAWESI UTARA	04	KEPULAUAN TALAUD	051	TAMPAN'AMMA	010	RIUNG UTARA	2	001B	100196	90	000200	DUSUN 2
71	SULAWESI UTARA	04	KEPULAUAN TALAUD	051	TAMPAN'AMMA	010	RIUNG UTARA	2	001B	100196	90	000300	DUSUN 3
71	SULAWESI UTARA	04	KEPULAUAN TALAUD	061	ESSANG SELATAN	007	AMBIA UTARA	2	001B	100226	81	000100	DUSUN 1
71	SULAWESI UTARA	04	KEPULAUAN TALAUD	061	ESSANG SELATAN	007	AMBIA UTARA	2	001B	100226	81	000200	DUSUN 2
71	SULAWESI UTARA	04	KEPULAUAN TALAUD	061	ESSANG SELATAN	007	AMBIA UTARA	2	001B	100226	81	000300	DUSUN 3
71	SULAWESI UTARA	04	KEPULAUAN TALAUD	061	ESSANG SELATAN	007	AMBIA UTARA	2	001B	100226	81	000400	DUSUN 4
71	SULAWESI UTARA	05	MINAHASA SELATAN	010	MODOINDING	007	WULURMAATUS	2	002B	100027	116	000200	JAGA 002
71	SULAWESI UTARA	05	MINAHASA SELATAN	010	MODOINDING	007	WULURMAATUS	2	002B	100027	116	000700	JAGA 007
71	SULAWESI UTARA	05	MINAHASA SELATAN	020	TOMPASO BARU	011	TOMPASO BARU DUA	1	006B	150014	92	000300	JAGA 3
71	SULAWESI UTARA	05	MINAHASA SELATAN	021	MAESAAN	009	KINAMANG SATU	2	003B	100101	94	000100	JAGA 1
71	SULAWESI UTARA	05	MINAHASA SELATAN	021	MAESAAN	009	KINAMANG SATU	2	003B	100101	94	000200	JAGA 2
71	SULAWESI UTARA	05	MINAHASA SELATAN	070	RANOYAPO	012	POOPO BARAT	2	002B	100144	111	000400	JAGA IV
71	SULAWESI UTARA	05	MINAHASA SELATAN	070	RANOYAPO	012	POOPO BARAT	2	002B	100144	111	000500	JAGA V
71	SULAWESI UTARA	05	MINAHASA SELATAN	082	MOTOLING BARAT	004	RAANAN BARU	2	003B	100209	98	000100	JAGA 1
71	SULAWESI UTARA	05	MINAHASA SELATAN	082	MOTOLING BARAT	004	RAANAN BARU	2	003B	100209	98	000200	JAGA 2
71	SULAWESI UTARA	05	MINAHASA SELATAN	090	SINONSAYANG	003	POIGAR I	2	006B	100286	75	000300	JAGA 3
71	SULAWESI UTARA	05	MINAHASA SELATAN	090	SINONSAYANG	003	POIGAR I	2	006B	100286	75	000400	JAGA 4
71	SULAWESI UTARA	05	MINAHASA SELATAN	100	TENGA	015	SAPA	2	003B	100347	92	000100	JAGA 1
71	SULAWESI UTARA	05	MINAHASA SELATAN	100	TENGA	015	SAPA	2	003B	100347	92	000200	JAGA 2
71	SULAWESI UTARA	05	MINAHASA SELATAN	111	AMURANG	002	RANOYAPO	1	004B	150103	104	000700	LINGKUNGAN 7
71	SULAWESI UTARA	05	MINAHASA SELATAN	111	AMURANG	002	RANOYAPO	1	004B	150103	104	000800	LINGKUNGAN 8
71	SULAWESI UTARA	05	MINAHASA SELATAN	112	AMURANG BARAT	009	WAKAN	2	002B	100424	101	000400	JAGA 4
71	SULAWESI UTARA	05	MINAHASA SELATAN	112	AMURANG BARAT	009	WAKAN	2	002B	100424	101	000500	JAGA 5
71	SULAWESI UTARA	05	MINAHASA SELATAN	112	AMURANG BARAT	010	TEEP TRANS	1	002B	150160	71	000100	JAGA 1
71	SULAWESI UTARA	05	MINAHASA SELATAN	112	AMURANG BARAT	010	TEEP TRANS	1	002B	150160	71	000200	JAGA 2
71	SULAWESI UTARA	05	MINAHASA SELATAN	112	AMURANG BARAT	010	TEEP TRANS	1	002B	150160	71	000300	JAGA 3
71	SULAWESI UTARA	05	MINAHASA SELATAN	120	TARERAN	014	RUMOONG ATAS DUA	2	006B	100479	53	000900	JAGA 9
71	SULAWESI UTARA	05	MINAHASA SELATAN	121	SULUUN TARERAN	004	SULUUN EMPAT	1	003B	150199	94	000200	JAGA 2
71	SULAWESI UTARA	05	MINAHASA SELATAN	121	SULUUN TARERAN	004	SULUUN EMPAT	1	003B	150199	94	000300	JAGA 3
71	SULAWESI UTARA	05	MINAHASA SELATAN	130	TUMPAAN	009	TUMPAAN DUA	2	004B	100545	165	000300	JAGA 3
71	SULAWESI UTARA	05	MINAHASA SELATAN	130	TUMPAAN	009	TUMPAAN DUA	2	004B	100545	165	000400	JAGA 4
71	SULAWESI UTARA	06	MINAHASA UTARA	020	KAUDITAN	008	WATUDAMBO	2	004B	100029	97	000800	JAGA VIII
71	SULAWESI UTARA	06	MINAHASA UTARA	020	KAUDITAN	008	WATUDAMBO	2	004B	100029	97	000900	JAGA IX
71	SULAWESI UTARA	06	MINAHASA UTARA	020	KAUDITAN	017	LEMBEAN	1	004B	150081	41	000100	JAGA I
71	SULAWESI UTARA	06	MINAHASA UTARA	030	AIRMADIDI	008	AIRMADIDI BAWAH	1	012B	150126	94	000400	RT 2 RW 2
71	SULAWESI UTARA	06	MINAHASA UTARA	030	AIRMADIDI	008	AIRMADIDI BAWAH	1	012B	150126	94	000500	RT 1 RW 3
71	SULAWESI UTARA	06	MINAHASA UTARA	030	AIRMADIDI	008	AIRMADIDI BAWAH	1	012B	150126	94	000800	RT 1 RW 4
71	SULAWESI UTARA	06	MINAHASA UTARA	040	KALAWAT	007	MAUMBI	1	007B	150255	116	000500	JAGA V
71	SULAWESI UTARA	06	MINAHASA UTARA	040	KALAWAT	007	MAUMBI	1	007B	150255	116	000600	JAGA VI
71	SULAWESI UTARA	06	MINAHASA UTARA	050	DIMEMBE	002	MATUNGKAS	1	001B	150299	77	001000	JAGA X
71	SULAWESI UTARA	06	MINAHASA UTARA	050	DIMEMBE	005	KLABAT	2	005B	100057	103	000700	JAGA 7
71	SULAWESI UTARA	06	MINAHASA UTARA	050	DIMEMBE	005	KLABAT	2	005B	100057	103	000800	JAGA 8
71	SULAWESI UTARA	06	MINAHASA UTARA	050	DIMEMBE	015	LUMPIAS	2	004B	100096	74	000300	JAGA 3
71	SULAWESI UTARA	06	MINAHASA UTARA	050	DIMEMBE	015	LUMPIAS	2	004B	100096	74	000400	JAGA 4
71	SULAWESI UTARA	06	MINAHASA UTARA	051	TALAWAAN	004	MAPANGET	1	017B	150366	51	001000	JAGA 10
71	SULAWESI UTARA	06	MINAHASA UTARA	060	WORI	011	LANSA	2	002B	100129	111	000400	JAGA IV
71	SULAWESI UTARA	06	MINAHASA UTARA	060	WORI	011	LANSA	2	002B	100129	111	000500	JAGA V
71	SULAWESI UTARA	06	MINAHASA UTARA	070	LIKUPANG BARAT	009	SEREY	2	005B	100173	70	000100	JAGA 1
71	SULAWESI UTARA	06	MINAHASA UTARA	080	LIKUPANG TIMUR	008	SARAWET	2	002B	100206	114	000200	JAGA II
71	SULAWESI UTARA	06	MINAHASA UTARA	080	LIKUPANG TIMUR	008	SARAWET	2	002B	100206	114	000300	JAGA III
71	SULAWESI UTARA	06	MINAHASA UTARA	080	LIKUPANG TIMUR	009	LIKUPANG DUA	1	006B	150443	77	000600	JAGA VI
71	SULAWESI UTARA	06	MINAHASA UTARA	080	LIKUPANG TIMUR	012	MAEN	2	004B	100215	99	000500	JAGA V
71	SULAWESI UTARA	06	MINAHASA UTARA	080	LIKUPANG TIMUR	012	MAEN	2	004B	100215	99	000600	JAGA VI
71	SULAWESI UTARA	07	BOLAANG MONGONDOW UTARA	010	SANGKUB	007	BUSISINGO	2	005B	100014	66	000300	DUSUN 3
71	SULAWESI UTARA	07	BOLAANG MONGONDOW UTARA	010	SANGKUB	011	SANGKUB IV	1	003B	150012	77	000200	DUSUN 2
71	SULAWESI UTARA	07	BOLAANG MONGONDOW UTARA	020	BINTAUNA	004	BUNIA	2	002B	100040	108	000300	DUSUN 3
71	SULAWESI UTARA	07	BOLAANG MONGONDOW UTARA	020	BINTAUNA	004	BUNIA	2	002B	100040	108	000400	DUSUN 4
71	SULAWESI UTARA	07	BOLAANG MONGONDOW UTARA	020	BINTAUNA	014	BUNONG	2	004B	100057	77	000400	DUSUN 4
71	SULAWESI UTARA	07	BOLAANG MONGONDOW UTARA	030	BOLANG ITANG TIMUR	007	BOHABAK II	2	002B	100084	59	000100	DUSUN 1
71	SULAWESI UTARA	07	BOLAANG MONGONDOW UTARA	030	BOLANG ITANG TIMUR	007	BOHABAK II	2	002B	100084	59	000200	DUSUN 2
71	SULAWESI UTARA	07	BOLAANG MONGONDOW UTARA	030	BOLANG ITANG TIMUR	015	BIONTONG I	2	004B	100106	58	000100	DUSUN 1
71	SULAWESI UTARA	07	BOLAANG MONGONDOW UTARA	040	BOLANG ITANG BARAT	001	PAKU	2	004B	100126	58	000100	DUSUN 1
71	SULAWESI UTARA	07	BOLAANG MONGONDOW UTARA	040	BOLANG ITANG BARAT	007	TOTE	2	003B	100147	62	000100	DUSUN 1
71	SULAWESI UTARA	07	BOLAANG MONGONDOW UTARA	050	KAIDIPANG	008	PONTAK	2	001B	100166	117	000200	DUSUN 2
71	SULAWESI UTARA	07	BOLAANG MONGONDOW UTARA	050	KAIDIPANG	008	PONTAK	2	001B	100166	117	000300	DUSUN 3
71	SULAWESI UTARA	07	BOLAANG MONGONDOW UTARA	060	PINOGALUMAN	007	BUKO SELATAN	2	001B	100183	70	000200	DUSUN 2
71	SULAWESI UTARA	07	BOLAANG MONGONDOW UTARA	060	PINOGALUMAN	017	DALAPULI TIMUR	2	003B	100205	77	000100	DUSUN 1
71	SULAWESI UTARA	07	BOLAANG MONGONDOW UTARA	060	PINOGALUMAN	017	DALAPULI TIMUR	2	003B	100205	77	000200	DUSUN 2
71	SULAWESI UTARA	08	SIAU TAGULANDANG BIARO	020	TAGULANDANG SELATAN	002	KISIHANG	2	004B	100016	79	000400	LINDONGAN 4
71	SULAWESI UTARA	08	SIAU TAGULANDANG BIARO	030	TAGULANDANG	022	BALEHUMARA	1	005B	150012	134	000100	RT 01 LINGKUNGAN 1
71	SULAWESI UTARA	08	SIAU TAGULANDANG BIARO	030	TAGULANDANG	022	BALEHUMARA	1	005B	150012	134	000200	RT 02 LINGKUNGAN 1
71	SULAWESI UTARA	08	SIAU TAGULANDANG BIARO	030	TAGULANDANG	022	BALEHUMARA	1	005B	150012	134	000300	RT 01 LINGKUNGAN 2
71	SULAWESI UTARA	08	SIAU TAGULANDANG BIARO	030	TAGULANDANG	028	BARANGKAA PEHE	2	001B	100041	49	000300	LINDONGAN 3
71	SULAWESI UTARA	08	SIAU TAGULANDANG BIARO	050	SIAU BARAT SELATAN	001	TANAKI	2	002B	100057	55	000200	LINDONGAN 2
71	SULAWESI UTARA	08	SIAU TAGULANDANG BIARO	060	SIAU TIMUR SELATAN	004	BIAU	2	001B	100077	123	000100	LINDONGAN 1
71	SULAWESI UTARA	08	SIAU TAGULANDANG BIARO	060	SIAU TIMUR SELATAN	004	BIAU	2	001B	100077	123	000200	LINDONGAN 2
71	SULAWESI UTARA	08	SIAU TAGULANDANG BIARO	060	SIAU TIMUR SELATAN	004	BIAU	2	001B	100077	123	000300	LINDONGAN 3
71	SULAWESI UTARA	08	SIAU TAGULANDANG BIARO	060	SIAU TIMUR SELATAN	008	MALA	2	001B	100086	103	000100	LINDONGAN 1
71	SULAWESI UTARA	08	SIAU TAGULANDANG BIARO	060	SIAU TIMUR SELATAN	008	MALA	2	001B	100086	103	000200	LINDONGAN 2
71	SULAWESI UTARA	08	SIAU TAGULANDANG BIARO	060	SIAU TIMUR SELATAN	008	MALA	2	001B	100086	103	000500	LINDONGAN 5
71	SULAWESI UTARA	08	SIAU TAGULANDANG BIARO	060	SIAU TIMUR SELATAN	009	BINALU	2	002B	100089	52	000200	LINDONGAN 2
71	SULAWESI UTARA	08	SIAU TAGULANDANG BIARO	080	SIAU TENGAH	002	SALILI	2	001B	100113	127	000100	LINDONGAN 1
71	SULAWESI UTARA	08	SIAU TAGULANDANG BIARO	080	SIAU TENGAH	002	SALILI	2	001B	100113	127	000200	LINDONGAN 2
71	SULAWESI UTARA	08	SIAU TAGULANDANG BIARO	080	SIAU TENGAH	002	SALILI	2	001B	100113	127	000300	LINDONGAN 3
71	SULAWESI UTARA	08	SIAU TAGULANDANG BIARO	090	SIAU TIMUR	009	BAHU	1	004B	150028	75	000200	RT 2 LINGKUNGAN 1
71	SULAWESI UTARA	08	SIAU TAGULANDANG BIARO	090	SIAU TIMUR	009	BAHU	1	004B	150028	75	000400	RT 2 LINGKUNGAN 2
71	SULAWESI UTARA	08	SIAU TAGULANDANG BIARO	090	SIAU TIMUR	009	BAHU	1	004B	150028	75	001200	RT 1 LINGKUNGAN 7
71	SULAWESI UTARA	08	SIAU TAGULANDANG BIARO	090	SIAU TIMUR	012	TARORANE	1	006B	150046	104	000500	RT 1 LINGKUNGAN 2
71	SULAWESI UTARA	08	SIAU TAGULANDANG BIARO	090	SIAU TIMUR	012	TARORANE	1	006B	150046	104	000600	RT 2 LINGKUNGAN 2
71	SULAWESI UTARA	08	SIAU TAGULANDANG BIARO	090	SIAU TIMUR	012	TARORANE	1	006B	150046	104	000900	RT 1 LINGKUNGAN 3
71	SULAWESI UTARA	08	SIAU TAGULANDANG BIARO	090	SIAU TIMUR	012	TARORANE	1	006B	150046	104	001000	RT 2 LINGKUNGAN 3
71	SULAWESI UTARA	08	SIAU TAGULANDANG BIARO	100	SIAU BARAT UTARA	007	MINI	2	001B	100146	105	000100	LINDONGAN 1
71	SULAWESI UTARA	08	SIAU TAGULANDANG BIARO	100	SIAU BARAT UTARA	007	MINI	2	001B	100146	105	000200	LINDONGAN 2
71	SULAWESI UTARA	09	MINAHASA TENGGARA	010	RATATOTOK	009	BASAAN SATU	2	002B	100018	91	000200	JAGA 002
71	SULAWESI UTARA	09	MINAHASA TENGGARA	010	RATATOTOK	009	BASAAN SATU	2	002B	100018	91	000300	JAGA 003
71	SULAWESI UTARA	09	MINAHASA TENGGARA	020	PUSOMAEN	013	TUMBAK MADANI	2	002B	100057	74	000300	JAGA 3
71	SULAWESI UTARA	09	MINAHASA TENGGARA	020	PUSOMAEN	013	TUMBAK MADANI	2	002B	100057	74	000400	JAGA 4
71	SULAWESI UTARA	09	MINAHASA TENGGARA	030	BELANG	024	WATULINEY TENGAH	2	003B	100104	37	000300	JAGA 3
71	SULAWESI UTARA	09	MINAHASA TENGGARA	040	RATAHAN	008	LOWU SATU	2	002B	100122	80	000200	LINGKUNGAN 2
71	SULAWESI UTARA	09	MINAHASA TENGGARA	040	RATAHAN	020	NATAAN	2	003B	100152	67	000200	LINGKUNGAN 2
71	SULAWESI UTARA	09	MINAHASA TENGGARA	042	RATAHAN TIMUR	003	WIOY DUA	2	002B	100185	100	000100	JAGA 1
71	SULAWESI UTARA	09	MINAHASA TENGGARA	042	RATAHAN TIMUR	003	WIOY DUA	2	002B	100185	100	000200	JAGA 2
71	SULAWESI UTARA	09	MINAHASA TENGGARA	042	RATAHAN TIMUR	003	WIOY DUA	2	002B	100185	100	000300	JAGA 3
71	SULAWESI UTARA	09	MINAHASA TENGGARA	042	RATAHAN TIMUR	003	WIOY DUA	2	002B	100185	100	000400	JAGA 4
71	SULAWESI UTARA	09	MINAHASA TENGGARA	051	TOMBATU TIMUR	001	MOLOMPAR SATU	2	002B	100221	105	000100	JAGA 1
71	SULAWESI UTARA	09	MINAHASA TENGGARA	051	TOMBATU TIMUR	001	MOLOMPAR SATU	2	002B	100221	105	000200	JAGA 2
71	SULAWESI UTARA	09	MINAHASA TENGGARA	051	TOMBATU TIMUR	002	MOLOMPAR	1	003B	150124	107	000300	JAGA 3
71	SULAWESI UTARA	09	MINAHASA TENGGARA	051	TOMBATU TIMUR	002	MOLOMPAR	1	003B	150124	107	000400	JAGA 4
71	SULAWESI UTARA	09	MINAHASA TENGGARA	052	TOMBATU UTARA	009	WINORANGIAN	2	002B	100265	82	000100	JAGA 1
71	SULAWESI UTARA	09	MINAHASA TENGGARA	061	TOULUAAN SELATAN	003	SUHUYON	2	002B	100291	44	000100	JAGA 1
71	SULAWESI UTARA	09	MINAHASA TENGGARA	061	TOULUAAN SELATAN	003	SUHUYON	2	002B	100291	44	000200	JAGA 2
71	SULAWESI UTARA	09	MINAHASA TENGGARA	062	SILIAN RAYA	006	SILIAN TIGA	2	004B	100328	92	000300	JAGA 3
71	SULAWESI UTARA	09	MINAHASA TENGGARA	062	SILIAN RAYA	006	SILIAN TIGA	2	004B	100328	92	000400	JAGA 4
71	SULAWESI UTARA	10	BOLAANG MONGONDOW SELATAN	010	POSIGADAN	002	SAIBUAH	2	001B	100004	115	000400	RT 4 DUSUN 2
71	SULAWESI UTARA	10	BOLAANG MONGONDOW SELATAN	010	POSIGADAN	002	SAIBUAH	2	001B	100004	115	000700	RT 7 DUSUN 4
71	SULAWESI UTARA	10	BOLAANG MONGONDOW SELATAN	010	POSIGADAN	002	SAIBUAH	2	001B	100004	115	000800	RT 8 DUSUN 4
71	SULAWESI UTARA	10	BOLAANG MONGONDOW SELATAN	010	POSIGADAN	002	SAIBUAH	2	001B	100004	115	000900	RT 9 DUSUN 5
71	SULAWESI UTARA	10	BOLAANG MONGONDOW SELATAN	010	POSIGADAN	002	SAIBUAH	2	001B	100004	115	001000	RT 10 DUSUN 5
71	SULAWESI UTARA	10	BOLAANG MONGONDOW SELATAN	010	POSIGADAN	007	MOMALIA I	2	002B	100023	86	000300	RT 3 DUSUN 2
71	SULAWESI UTARA	10	BOLAANG MONGONDOW SELATAN	010	POSIGADAN	007	MOMALIA I	2	002B	100023	86	000400	RT 4 DUSUN 2
71	SULAWESI UTARA	10	BOLAANG MONGONDOW SELATAN	010	POSIGADAN	007	MOMALIA I	2	002B	100023	86	000500	RT 5 DUSUN 3
71	SULAWESI UTARA	10	BOLAANG MONGONDOW SELATAN	010	POSIGADAN	020	MOLOSIPAT	2	001B	100044	100	000100	RT 1 DUSUN 1
71	SULAWESI UTARA	10	BOLAANG MONGONDOW SELATAN	010	POSIGADAN	020	MOLOSIPAT	2	001B	100044	100	000200	RT 2 DUSUN 1
71	SULAWESI UTARA	10	BOLAANG MONGONDOW SELATAN	010	POSIGADAN	020	MOLOSIPAT	2	001B	100044	100	000300	RT 3 DUSUN 2
71	SULAWESI UTARA	10	BOLAANG MONGONDOW SELATAN	010	POSIGADAN	020	MOLOSIPAT	2	001B	100044	100	000400	RT 4 DUSUN 2
71	SULAWESI UTARA	10	BOLAANG MONGONDOW SELATAN	010	POSIGADAN	020	MOLOSIPAT	2	001B	100044	100	000500	RT 5 DUSUN 3
71	SULAWESI UTARA	10	BOLAANG MONGONDOW SELATAN	010	POSIGADAN	020	MOLOSIPAT	2	001B	100044	100	000600	RT 6 DUSUN 3
71	SULAWESI UTARA	10	BOLAANG MONGONDOW SELATAN	011	TOMINI	007	MILANGODAA UTARA	1	001B	150003	94	000100	RT 1 DUSUN 1
71	SULAWESI UTARA	10	BOLAANG MONGONDOW SELATAN	011	TOMINI	007	MILANGODAA UTARA	1	001B	150003	94	000200	RT 2 DUSUN 1
71	SULAWESI UTARA	10	BOLAANG MONGONDOW SELATAN	011	TOMINI	007	MILANGODAA UTARA	1	001B	150003	94	000300	RT 3 DUSUN 2
71	SULAWESI UTARA	10	BOLAANG MONGONDOW SELATAN	011	TOMINI	007	MILANGODAA UTARA	1	001B	150003	94	000400	RT 4 DUSUN 2
71	SULAWESI UTARA	10	BOLAANG MONGONDOW SELATAN	011	TOMINI	007	MILANGODAA UTARA	1	001B	150003	94	000500	RT 5 DUSUN 3
71	SULAWESI UTARA	10	BOLAANG MONGONDOW SELATAN	011	TOMINI	007	MILANGODAA UTARA	1	001B	150003	94	000600	RT 6 DUSUN 3
71	SULAWESI UTARA	10	BOLAANG MONGONDOW SELATAN	020	BOLAANG UKI	008	TANGAGAH	2	002B	100068	125	000100	RT 1 DUSUN 1
71	SULAWESI UTARA	10	BOLAANG MONGONDOW SELATAN	020	BOLAANG UKI	008	TANGAGAH	2	002B	100068	125	000200	RT 2 DUSUN 1
71	SULAWESI UTARA	10	BOLAANG MONGONDOW SELATAN	020	BOLAANG UKI	008	TANGAGAH	2	002B	100068	125	000300	RT 3 DUSUN 2
71	SULAWESI UTARA	10	BOLAANG MONGONDOW SELATAN	020	BOLAANG UKI	008	TANGAGAH	2	002B	100068	125	000400	RT 4 DUSUN 2
71	SULAWESI UTARA	10	BOLAANG MONGONDOW SELATAN	020	BOLAANG UKI	008	TANGAGAH	2	002B	100068	125	000500	RT 5 DUSUN 3
71	SULAWESI UTARA	10	BOLAANG MONGONDOW SELATAN	020	BOLAANG UKI	008	TANGAGAH	2	002B	100068	125	000600	RT 6 DUSUN 3
71	SULAWESI UTARA	10	BOLAANG MONGONDOW SELATAN	020	BOLAANG UKI	018	TOLONDADU I	2	003B	100086	108	000400	RT 4 DUSUN 2
71	SULAWESI UTARA	10	BOLAANG MONGONDOW SELATAN	021	HELUMO	003	SINANDAKA	2	002B	100108	87	000100	RT 1 DUSUN 1
71	SULAWESI UTARA	10	BOLAANG MONGONDOW SELATAN	021	HELUMO	003	SINANDAKA	2	002B	100108	87	000200	RT 2 DUSUN 1
71	SULAWESI UTARA	10	BOLAANG MONGONDOW SELATAN	021	HELUMO	003	SINANDAKA	2	002B	100108	87	000600	RT 6 DUSUN 3
71	SULAWESI UTARA	10	BOLAANG MONGONDOW SELATAN	021	HELUMO	003	SINANDAKA	2	002B	100108	87	000700	RT 7 DUSUN 4
71	SULAWESI UTARA	10	BOLAANG MONGONDOW SELATAN	021	HELUMO	003	SINANDAKA	2	002B	100108	87	000800	RT 8 DUSUN 4
71	SULAWESI UTARA	10	BOLAANG MONGONDOW SELATAN	030	PINOLOSIAN	001	LINAWAN	2	004B	100129	113	000300	RT 3 DUSUN 2
71	SULAWESI UTARA	10	BOLAANG MONGONDOW SELATAN	030	PINOLOSIAN	001	LINAWAN	2	004B	100129	113	000400	RT 4 DUSUN 2
71	SULAWESI UTARA	10	BOLAANG MONGONDOW SELATAN	040	PINOLOSIAN TENGAH	001	MATAINDO	2	002B	100150	60	000200	RT 2 DUSUN 1
71	SULAWESI UTARA	10	BOLAANG MONGONDOW SELATAN	040	PINOLOSIAN TENGAH	001	MATAINDO	2	002B	100150	60	000400	RT 3 DUSUN 2
71	SULAWESI UTARA	10	BOLAANG MONGONDOW SELATAN	040	PINOLOSIAN TENGAH	008	MATAINDO UTARA	2	002B	100174	88	000200	RT 2 DUSUN 1
71	SULAWESI UTARA	10	BOLAANG MONGONDOW SELATAN	040	PINOLOSIAN TENGAH	008	MATAINDO UTARA	2	002B	100174	88	000500	RT 5 DUSUN 3
71	SULAWESI UTARA	10	BOLAANG MONGONDOW SELATAN	040	PINOLOSIAN TENGAH	008	MATAINDO UTARA	2	002B	100174	88	000600	RT 6 DUSUN 3
71	SULAWESI UTARA	11	BOLAANG MONGONDOW TIMUR	010	NUANGAN	009	B A I	2	003B	100027	105	000200	DUSUN 2
71	SULAWESI UTARA	11	BOLAANG MONGONDOW TIMUR	011	MOTONGKAD	006	ATOGA TIMUR	2	003B	100050	40	000100	DUSUN 1
71	SULAWESI UTARA	11	BOLAANG MONGONDOW TIMUR	020	TUTUYAN	003	TOGID	2	002B	100074	128	000800	RT 1 DUSUN 5
71	SULAWESI UTARA	11	BOLAANG MONGONDOW TIMUR	020	TUTUYAN	003	TOGID	2	002B	100074	128	000900	RT 2 DUSUN 5
71	SULAWESI UTARA	11	BOLAANG MONGONDOW TIMUR	020	TUTUYAN	003	TOGID	2	002B	100074	128	001000	RT 1 DUSUN 6
71	SULAWESI UTARA	11	BOLAANG MONGONDOW TIMUR	020	TUTUYAN	003	TOGID	2	002B	100074	128	001100	RT 2 DUSUN 6
71	SULAWESI UTARA	11	BOLAANG MONGONDOW TIMUR	020	TUTUYAN	008	TOMBOLIKAT	2	002B	100092	35	000900	RT 09 DUSUN 05
71	SULAWESI UTARA	11	BOLAANG MONGONDOW TIMUR	020	TUTUYAN	008	TOMBOLIKAT	2	002B	100092	35	001000	RT 10 DUSUN 05
71	SULAWESI UTARA	11	BOLAANG MONGONDOW TIMUR	030	KOTABUNAN	004	BULAWAN	2	002B	100111	113	000100	RT 001 DUSUN 001
71	SULAWESI UTARA	11	BOLAANG MONGONDOW TIMUR	030	KOTABUNAN	004	BULAWAN	2	002B	100111	113	000500	RT 001 DUSUN 003
71	SULAWESI UTARA	11	BOLAANG MONGONDOW TIMUR	030	KOTABUNAN	004	BULAWAN	2	002B	100111	113	000600	RT 002 DUSUN 003
71	SULAWESI UTARA	11	BOLAANG MONGONDOW TIMUR	030	KOTABUNAN	004	BULAWAN	2	002B	100111	113	000700	RT 001 DUSUN 004
71	SULAWESI UTARA	11	BOLAANG MONGONDOW TIMUR	030	KOTABUNAN	004	BULAWAN	2	002B	100111	113	000800	RT 002 DUSUN 004
71	SULAWESI UTARA	11	BOLAANG MONGONDOW TIMUR	030	KOTABUNAN	006	BUYAT I	1	002B	150030	70	000300	RT 001 DUSUN 002
71	SULAWESI UTARA	11	BOLAANG MONGONDOW TIMUR	030	KOTABUNAN	006	BUYAT I	1	002B	150030	70	000400	RT 002 DUSUN 002
71	SULAWESI UTARA	11	BOLAANG MONGONDOW TIMUR	030	KOTABUNAN	006	BUYAT I	1	002B	150030	70	000500	RT 001 DUSUN 003
71	SULAWESI UTARA	11	BOLAANG MONGONDOW TIMUR	030	KOTABUNAN	006	BUYAT I	1	002B	150030	70	000600	RT 002 DUSUN 003
71	SULAWESI UTARA	11	BOLAANG MONGONDOW TIMUR	040	MODAYAG	001	MODAYAG II	2	004B	100130	72	000600	DUSUN 006
71	SULAWESI UTARA	11	BOLAANG MONGONDOW TIMUR	040	MODAYAG	011	LIBERIA TIMUR	2	002B	100152	106	000100	RT 001 DUSUN 001
71	SULAWESI UTARA	11	BOLAANG MONGONDOW TIMUR	040	MODAYAG	011	LIBERIA TIMUR	2	002B	100152	106	000200	RT 002 DUSUN 001
71	SULAWESI UTARA	11	BOLAANG MONGONDOW TIMUR	040	MODAYAG	011	LIBERIA TIMUR	2	002B	100152	106	000300	RT 003 DUSUN 002
71	SULAWESI UTARA	11	BOLAANG MONGONDOW TIMUR	041	MOOAT	006	GUAAN	2	003B	100173	85	000300	DUSUN 03
71	SULAWESI UTARA	11	BOLAANG MONGONDOW TIMUR	041	MOOAT	006	GUAAN	2	003B	100173	85	000500	DUSUN 05
71	SULAWESI UTARA	11	BOLAANG MONGONDOW TIMUR	050	MODAYAG BARAT	009	BANGUNAN WUWUK TIMUR	2	001B	100195	110	000100	DUSUN 001
71	SULAWESI UTARA	11	BOLAANG MONGONDOW TIMUR	050	MODAYAG BARAT	009	BANGUNAN WUWUK TIMUR	2	001B	100195	110	000200	DUSUN 002
71	SULAWESI UTARA	71	MANADO	010	MALALAYANG	001	MALALAYANG II	1	013B	150013	71	000200	LINGKUNGAN 002
71	SULAWESI UTARA	71	MANADO	010	MALALAYANG	008	WINANGUN I	1	009B	150172	61	000300	LINGKUNGAN 003
71	SULAWESI UTARA	71	MANADO	020	SARIO	011	TITIWUNGEN SELATAN	1	005B	150250	107	000400	LINGKUNGAN 4
71	SULAWESI UTARA	71	MANADO	021	WANEA	006	TELING ATAS	1	013B	150343	45	000900	LINGKUNGAN 9
71	SULAWESI UTARA	71	MANADO	030	WENANG	001	BUMI BERINGIN	1	003B	150382	32	000400	LINGKUNGAN 4
71	SULAWESI UTARA	71	MANADO	030	WENANG	016	KOMO LUAR	1	003B	150445	46	000300	LINGKUNGAN 3
71	SULAWESI UTARA	71	MANADO	032	PAAL DUA	001	RANOMUUT	1	004B	150544	64	000500	LINGKUNGAN 5
71	SULAWESI UTARA	71	MANADO	032	PAAL DUA	005	DENDENGAN LUAR	1	005B	150603	51	000300	LINGKUNGAN 003
71	SULAWESI UTARA	71	MANADO	040	MAPANGET	003	KAIRAGI DUA	1	026B	150666	35	001100	LINGKUNGAN 11
71	SULAWESI UTARA	71	MANADO	040	MAPANGET	007	MAPANGET BARAT	1	005B	150744	134	000200	LINGKUNGAN 002
71	SULAWESI UTARA	71	MANADO	051	SINGKIL	001	KARAME	1	001B	150837	48	000200	LINGKUNGAN 2
71	SULAWESI UTARA	71	MANADO	051	SINGKIL	007	KOMBOS TIMUR	1	001B	150885	106	000500	LINGKUNGAN 5
71	SULAWESI UTARA	71	MANADO	052	TUMINTING	001	SINDULANG SATU	1	008B	150947	31	000500	LINGKUNGAN 5
71	SULAWESI UTARA	71	MANADO	052	TUMINTING	006	TUMINTING	1	014B	150999	97	000200	LINGKUNGAN 2
71	SULAWESI UTARA	71	MANADO	052	TUMINTING	009	TUMUMPA SATU	1	003B	151036	90	000200	LINGKUNGAN 2
71	SULAWESI UTARA	71	MANADO	053	BUNAKEN	002	MOLAS	2	003B	100006	140	000100	LINGKUNGAN 001
71	SULAWESI UTARA	72	BITUNG	010	MADIDIR	009	MADIDIR UNET	1	006B	150022	41	002500	RT 025 LINGKUNGAN 5
71	SULAWESI UTARA	72	BITUNG	010	MADIDIR	015	WANGURER BARAT	1	004B	150051	41	000800	RT 008 LINGKUNGAN 003
71	SULAWESI UTARA	72	BITUNG	010	MADIDIR	015	WANGURER BARAT	1	004B	150051	41	000900	RT 009 LINGKUNGAN 003
71	SULAWESI UTARA	72	BITUNG	011	MATUARI	001	TANJUNG MERAH	1	003B	150089	81	000200	RT 002 LINGKUNGAN 1
71	SULAWESI UTARA	72	BITUNG	011	MATUARI	001	TANJUNG MERAH	1	003B	150089	81	000300	RT 003 LINGKUNGAN 1
71	SULAWESI UTARA	72	BITUNG	011	MATUARI	003	MANEMBO NEMBO ATAS	1	028B	150124	103	002000	RT 005 LINGKUNGAN 4
71	SULAWESI UTARA	72	BITUNG	011	MATUARI	003	MANEMBO NEMBO ATAS	1	028B	150124	103	002200	RT 007 LINGKUNGAN 4
71	SULAWESI UTARA	72	BITUNG	011	MATUARI	014	MANEMBO-NEMBO TENGAH	1	010B	150169	89	000400	RT 004 LINGKUNGAN 001
71	SULAWESI UTARA	72	BITUNG	011	MATUARI	014	MANEMBO-NEMBO TENGAH	1	010B	150169	89	000500	RT 005 LINGKUNGAN 001
71	SULAWESI UTARA	72	BITUNG	012	GIRIAN	004	GIRIAN INDAH	1	006B	150204	88	002300	RT 002 LINGKUNGAN 007
71	SULAWESI UTARA	72	BITUNG	012	GIRIAN	006	GIRIAN ATAS	1	003B	150233	95	001000	RT 010 LINGKUNGAN 4
71	SULAWESI UTARA	72	BITUNG	012	GIRIAN	006	GIRIAN ATAS	1	003B	150233	95	001100	RT 011 LINGKUNGAN 4
71	SULAWESI UTARA	72	BITUNG	012	GIRIAN	006	GIRIAN ATAS	1	003B	150233	95	001600	RT 016 LINGKUNGAN 5
71	SULAWESI UTARA	72	BITUNG	022	LEMBEH UTARA	003	BATUKOTA	1	001B	150272	79	000300	RT 003 LINGKUNGAN 2
71	SULAWESI UTARA	72	BITUNG	022	LEMBEH UTARA	003	BATUKOTA	1	001B	150272	79	000400	RT 004 LINGKUNGAN 2
71	SULAWESI UTARA	72	BITUNG	030	AERTEMBAGA	012	PATETEN SATU	1	011B	150302	54	000900	RT 009 LINGKUNGAN 003
71	SULAWESI UTARA	72	BITUNG	030	AERTEMBAGA	012	PATETEN SATU	1	011B	150302	54	001000	RT 010 LINGKUNGAN 003
71	SULAWESI UTARA	72	BITUNG	030	AERTEMBAGA	012	PATETEN SATU	1	011B	150302	54	001100	RT 011 LINGKUNGAN 003
71	SULAWESI UTARA	72	BITUNG	031	MAESA	002	BITUNG BARAT SATU	1	002B	150347	91	001400	RT 001 LINGKUNGAN 004
71	SULAWESI UTARA	72	BITUNG	031	MAESA	002	BITUNG BARAT SATU	1	002B	150347	91	001500	RT 002 LINGKUNGAN 004
71	SULAWESI UTARA	72	BITUNG	031	MAESA	005	KAKENTURAN DUA	1	004B	150377	130	001000	RT 010 LINGKUNGAN 3
71	SULAWESI UTARA	72	BITUNG	031	MAESA	005	KAKENTURAN DUA	1	004B	150377	130	001100	RT 011 LINGKUNGAN 3
71	SULAWESI UTARA	72	BITUNG	031	MAESA	005	KAKENTURAN DUA	1	004B	150377	130	001200	RT 012 LINGKUNGAN 3
71	SULAWESI UTARA	72	BITUNG	031	MAESA	005	KAKENTURAN DUA	1	004B	150377	130	001300	RT 013 LINGKUNGAN 3
71	SULAWESI UTARA	72	BITUNG	031	MAESA	008	PATETEN TIGA	1	004B	150416	54	000500	RT 006 LINGKUNGAN 2
71	SULAWESI UTARA	72	BITUNG	031	MAESA	008	PATETEN TIGA	1	004B	150416	54	000600	RT 007 LINGKUNGAN 2
71	SULAWESI UTARA	72	BITUNG	031	MAESA	008	PATETEN TIGA	1	004B	150416	54	000700	RT 008 LINGKUNGAN 2
71	SULAWESI UTARA	72	BITUNG	040	RANOWULU	013	BATU PUTIH BAWAH	2	005B	100081	110	000800	RT 008 LINGKUNGAN 002
71	SULAWESI UTARA	72	BITUNG	040	RANOWULU	013	BATU PUTIH BAWAH	2	005B	100081	110	001100	RT 011 LINGKUNGAN 003
71	SULAWESI UTARA	72	BITUNG	040	RANOWULU	013	BATU PUTIH BAWAH	2	005B	100081	110	001200	RT 012 LINGKUNGAN 003
71	SULAWESI UTARA	73	TOMOHON	010	TOMOHON SELATAN	002	PANGOLOMBIAN	2	004B	100008	128	000300	LINGKUNGAN 3
71	SULAWESI UTARA	73	TOMOHON	010	TOMOHON SELATAN	002	PANGOLOMBIAN	2	004B	100008	128	000400	LINGKUNGAN 4
71	SULAWESI UTARA	73	TOMOHON	010	TOMOHON SELATAN	004	PINARAS	2	002B	100020	85	000100	LINGKUNGAN 1
71	SULAWESI UTARA	73	TOMOHON	010	TOMOHON SELATAN	004	PINARAS	2	002B	100020	85	000200	LINGKUNGAN 2
71	SULAWESI UTARA	73	TOMOHON	010	TOMOHON SELATAN	006	TUMATANGTANG	1	003B	150007	134	000600	LINGKUNGAN 6
71	SULAWESI UTARA	73	TOMOHON	010	TOMOHON SELATAN	006	TUMATANGTANG	1	003B	150007	134	000800	LINGKUNGAN 8
71	SULAWESI UTARA	73	TOMOHON	010	TOMOHON SELATAN	009	WALIAN	1	008B	150034	62	000100	LINGKUNGAN 1
71	SULAWESI UTARA	73	TOMOHON	020	TOMOHON TENGAH	002	MATANI DUA	1	010B	150068	99	000400	LINGKUNGAN 4
71	SULAWESI UTARA	73	TOMOHON	020	TOMOHON TENGAH	002	MATANI DUA	1	010B	150068	99	000700	LINGKUNGAN 7
71	SULAWESI UTARA	73	TOMOHON	020	TOMOHON TENGAH	016	TALETE SATU	1	009B	150104	80	000100	LINGKUNGAN 1
71	SULAWESI UTARA	73	TOMOHON	021	TOMOHON TIMUR	001	PASLATEN DUA	1	005B	150123	109	000500	LINGKUNGAN 5
71	SULAWESI UTARA	73	TOMOHON	021	TOMOHON TIMUR	001	PASLATEN DUA	1	005B	150123	109	000800	LINGKUNGAN 8
71	SULAWESI UTARA	73	TOMOHON	022	TOMOHON BARAT	002	WOLOAN DUA	1	005B	150159	143	000500	LINGKUNGAN 5
71	SULAWESI UTARA	73	TOMOHON	022	TOMOHON BARAT	002	WOLOAN DUA	1	005B	150159	143	000600	LINGKUNGAN 6
71	SULAWESI UTARA	73	TOMOHON	022	TOMOHON BARAT	002	WOLOAN DUA	1	005B	150159	143	000700	LINGKUNGAN 7
71	SULAWESI UTARA	73	TOMOHON	022	TOMOHON BARAT	006	WOLOAN SATU UTARA	1	004B	150184	76	000500	LINGKUNGAN 5
71	SULAWESI UTARA	73	TOMOHON	030	TOMOHON UTARA	001	KAYAWU	2	011B	100039	74	000500	LINGKUNGAN 5
71	SULAWESI UTARA	73	TOMOHON	030	TOMOHON UTARA	003	KAKASKASEN TIGA	1	003B	150206	159	000300	LINGKUNGAN 3
71	SULAWESI UTARA	73	TOMOHON	030	TOMOHON UTARA	005	KAKASKASEN SATU	1	008B	150232	103	000200	LINGKUNGAN 2
71	SULAWESI UTARA	74	KOTAMOBAGU	010	KOTAMOBAGU SELATAN	004	POYOWA BESAR I	1	008B	150026	74	000100	RT 001 DUSUN 001
71	SULAWESI UTARA	74	KOTAMOBAGU	010	KOTAMOBAGU SELATAN	007	MOTOBOI KECIL	1	008B	150058	86	000900	RT 015 RW 008 LINGKUNGAN 004
71	SULAWESI UTARA	74	KOTAMOBAGU	020	KOTAMOBAGU TIMUR	001	MATALI	1	003B	150087	83	000200	RT 002 RW 01 LINGKUNGAN 01
71	SULAWESI UTARA	74	KOTAMOBAGU	020	KOTAMOBAGU TIMUR	003	KOBO KECIL	2	005B	100010	68	000100	RT 01 DUSUN 1
71	SULAWESI UTARA	74	KOTAMOBAGU	020	KOTAMOBAGU TIMUR	006	TUMOBUY	1	003B	150118	104	000600	RT 006 RW 003 LINGKUNGAN 02
71	SULAWESI UTARA	74	KOTAMOBAGU	020	KOTAMOBAGU TIMUR	006	TUMOBUY	1	003B	150118	104	000700	RT 007 RW 004 LINGKUNGAN 02
71	SULAWESI UTARA	74	KOTAMOBAGU	020	KOTAMOBAGU TIMUR	008	KOTABANGON	1	019B	150147	60	000500	RT 005 RW 003 LINGKUNGAN 002
71	SULAWESI UTARA	74	KOTAMOBAGU	030	KOTAMOBAGU BARAT	003	MOGOLAING	1	006B	150182	66	001200	RT 012 RW 005 LINGKUNGAN 003
71	SULAWESI UTARA	74	KOTAMOBAGU	030	KOTAMOBAGU BARAT	004	GOGAGOMAN	1	030B	150224	114	002400	RT 024 RW 008 LINGKUNGAN 004
71	SULAWESI UTARA	74	KOTAMOBAGU	030	KOTAMOBAGU BARAT	005	KOTAMOBAGU	1	023B	150259	44	001600	RT 016 RW 008 LINGKUNGAN 005
71	SULAWESI UTARA	74	KOTAMOBAGU	040	KOTAMOBAGU UTARA	001	UPAI	2	005B	100023	79	000800	RT 008 RW 003 LINGKUNGAN 003
71	SULAWESI UTARA	74	KOTAMOBAGU	040	KOTAMOBAGU UTARA	005	PONTODON	1	003B	150291	98	000200	RT 002 DUSUN 001
71	SULAWESI UTARA	74	KOTAMOBAGU	040	KOTAMOBAGU UTARA	005	PONTODON	1	003B	150291	98	000300	RT 003 DUSUN 002
71	SULAWESI UTARA	74	KOTAMOBAGU	040	KOTAMOBAGU UTARA	006	BILALANG II	2	005B	100034	91	000700	RT 007 DUSUN 004
71	SULAWESI UTARA	74	KOTAMOBAGU	040	KOTAMOBAGU UTARA	006	BILALANG II	2	005B	100034	91	000800	RT 008 DUSUN 004
